PANEL,NAME,AREA_M2,X_MIN,X_MAX,BOUNDED_BY,BOUNDARY_DONOR_DEPENDENT,TRAVEL_MM,TRIM_MM,VERDICT
P01,FRONT_FASCIA,0.8809,-950,-655,,no,0,15.0,boundary INDEPENDENT of every approx donor value
P02,HOOD,0.861,-644,417,cowl_x;door_front_x,yes,15-30,15.0,boundary travels with the estimate: 15-30 mm vs 15 mm trim
P03,FRONT_FENDER_L,1.8076,-655,436,cowl_x;door_front_x,yes,15-30,15.0,boundary travels with the estimate: 15-30 mm vs 15 mm trim
P07,ROCKER_L,0.8089,317,2093,,no,0,15.0,boundary INDEPENDENT of every approx donor value
P09,DOOR_SKIN_L,1.7453,450,1618,door_front_x;door_rear_x,yes,15-30,15.0,boundary travels with the estimate: 15-30 mm vs 15 mm trim
P11,SIDE_INTAKE_L,0.1619,1790,2290,,no,0,15.0,boundary INDEPENDENT of every approx donor value
P15,REAR_HAUNCH_L,1.1515,1645,2998,door_rear_x;hoop_x,yes,15-30,15.0,boundary travels with the estimate: 15-30 mm vs 15 mm trim
P19,REAR_DECK_L,0.799,1762,2968,hoop_x,yes,15-30,15.0,boundary travels with the estimate: 15-30 mm vs 15 mm trim
P20,ENGINE_COVER,0.6087,2035,2998,,no,0,15.0,boundary INDEPENDENT of every approx donor value
P21,REAR_FASCIA,1.2461,3001,3420,,no,0,15.0,boundary INDEPENDENT of every approx donor value
P22,DIFFUSER,1.2687,2870,3420,,no,0,15.0,boundary INDEPENDENT of every approx donor value
P28,FRONT_SPLITTER_L,0.0842,-950,-660,,no,0,15.0,boundary INDEPENDENT of every approx donor value
P39,ROCKER_END_L,0.0744,2728,2864,,no,0,15.0,boundary INDEPENDENT of every approx donor value
