PART,NAME,SIDE,STEP,INSTALL_VECTOR,MASS_KG,CORE_VOLUME_CM3,CENTROID_SPECX,CENTROID_Y,CENTROID_Z
P01,FRONT_FASCIA,-,3,+X,3.035,2447.9,-801.3,-0.0,505.2
P28,FRONT_SPLITTER_L,L,4,+Z,0.401,323.4,-836.8,457.8,197.0
P41,FRONT_SPLITTER_R,R,4,+Z,0.401,323.4,-836.8,-457.8,197.0
P43,FRONT_MASK,-,4,+X,0.358,288.4,-841.0,-0.0,292.0
P02,HOOD,-,5,-Z,3.203,2583.5,-128.1,0.0,831.8
P03,FRONT_FENDER_L,L,5,-Y,3.579,2886.4,-200.3,719.1,655.4
P04,FRONT_FENDER_R,R,5,+Y,3.579,2886.2,-200.3,-719.1,655.4
P05,FENDER_CHANNEL_L,L,6,-Y,0.441,355.9,-27.0,464.8,759.6
P06,FENDER_CHANNEL_R,R,6,+Y,0.441,355.5,-27.1,-464.8,759.6
P29,HEADLIGHT_SURROUND_L,L,7,+X,0.124,99.8,-662.0,545.0,565.0
P30,HEADLIGHT_SURROUND_R,R,7,+X,0.124,99.8,-662.0,-545.0,565.0
P07,ROCKER_L,L,8,-Y,1.426,1150.3,1203.0,884.5,225.7
P08,ROCKER_R,R,8,+Y,1.427,1150.5,1203.0,-884.5,225.7
P39,ROCKER_END_L,L,8,-Y,0.608,490.2,2905.0,515.9,192.0
P40,ROCKER_END_R,R,8,+Y,0.608,490.1,2905.1,-516.0,192.0
P09,DOOR_SKIN_L,L,9,-Y,3.161,2549.1,1036.5,860.4,617.9
P10,DOOR_SKIN_R,R,9,+Y,3.161,2548.9,1036.5,-860.5,617.9
P11,SIDE_INTAKE_L,L,11,-Y,0.286,230.5,1905.3,904.6,503.1
P12,SIDE_INTAKE_R,R,11,+Y,0.286,230.6,1905.1,-904.5,503.1
P31,INTAKE_DUCT_L,L,12,-Y,1.614,1301.4,2161.4,603.5,542.0
P32,INTAKE_DUCT_R,R,12,+Y,1.614,1301.5,2161.4,-603.5,542.0
P13,INTAKE_BLADE_L,L,13,-Y,0.232,187.4,2061.5,875.3,574.4
P14,INTAKE_BLADE_R,R,13,+Y,0.232,187.4,2061.6,-875.3,574.5
P15,REAR_HAUNCH_L,L,14,-Y,2.174,1753.3,2349.1,823.7,726.5
P16,REAR_HAUNCH_R,R,14,+Y,2.175,1754.1,2348.9,-823.6,726.5
P17,BUTTRESS_L,L,15,-Z,0.559,450.8,1895.7,357.3,926.4
P18,BUTTRESS_R,R,15,-Z,0.559,450.5,1896.1,-357.2,926.5
P19,REAR_DECK_L,L,16,-Z,0.835,673.7,2457.8,665.9,962.0
P42,REAR_DECK_R,R,16,-Z,0.836,673.8,2457.7,-665.8,961.9
P20,ENGINE_COVER,-,17,-Z,4.256,3432.2,2504.0,0.0,971.3
P21,REAR_FASCIA,-,19,-X,5.043,4066.6,3189.5,0.1,605.6
P34,REAR_CENTRE_MASK,-,20,-X,0.268,215.8,3361.6,0.0,494.9
P36,PLATE_RECESS,-,21,-X,0.165,133.2,3374.0,0.0,309.7
P22,DIFFUSER,-,22,-X,2.233,1801.2,3169.9,0.0,242.6
P35,EXHAUST_SURROUND,-,23,-X,0.129,103.8,3334.2,-0.3,432.0
P44,DIFFUSER_FIN_INNER_L,L,23,-Z,0.284,228.7,3240.8,150.0,197.0
P45,DIFFUSER_FIN_INNER_R,R,23,-Z,0.284,228.7,3240.8,-150.0,197.0
P46,DIFFUSER_FIN_OUTER_L,L,23,-Z,0.183,147.4,3178.2,330.0,184.1
P47,DIFFUSER_FIN_OUTER_R,R,23,-Z,0.183,147.4,3178.0,-330.0,184.1
P24,HEADLIGHT_HOUSING_L,L,25,+X,0.356,287.5,-587.1,560.0,570.0
P25,HEADLIGHT_HOUSING_R,R,25,+X,0.357,287.5,-587.1,-560.0,570.0
P26,TAIL_HOUSING_L,L,26,-X,0.758,611.2,3181.7,419.3,612.0
P27,TAIL_HOUSING_R,R,26,-X,0.764,616.4,3181.5,-421.2,612.0
