tier,file,area_cm2,over45,over60,worst,support_cm3,gap_max_mm,flip_over45,flip_over60,flip_worst,flip_support_cm3,flip_gap_max_mm,better_flipped
ready to bond,P01_FRONT_FASCIA_whole.stl,21591.649,0.194,0.12,90.0,58454.743,299.901,0.194,0.12,90.0,19667.72,296.532,yes
ready to bond,P05_FENDER_CHANNEL_L_whole.stl,907.67,0.0,0.0,0.0,0.0,0.0,0.426,0.426,90.0,541.518,14.0,
ready to bond,P06_FENDER_CHANNEL_R_whole.stl,907.67,0.0,0.0,0.0,0.0,0.0,0.426,0.426,90.0,541.518,14.0,
ready to bond,P07_ROCKER_L_whole.stl,9803.401,0.132,0.056,75.066,2973.847,202.014,0.132,0.056,75.066,8542.322,210.954,
ready to bond,P08_ROCKER_R_whole.stl,9803.396,0.132,0.056,75.066,2972.441,202.014,0.132,0.056,75.066,8542.944,210.954,
ready to bond,P13_INTAKE_BLADE_L_whole.stl,995.577,0.414,0.414,85.101,296.987,16.667,0.414,0.414,85.101,1518.677,42.0,
ready to bond,P14_INTAKE_BLADE_R_whole.stl,995.577,0.414,0.414,85.101,296.987,16.667,0.414,0.414,85.101,1518.677,42.0,
ready to bond,P21_REAR_FASCIA_whole.stl,31762.728,0.208,0.154,90.0,134901.184,419.838,0.208,0.154,90.0,71768.393,421.053,yes
ready to bond,P22_DIFFUSER_whole.stl,9570.806,0.151,0.069,90.0,3835.125,196.846,0.151,0.069,90.0,10184.418,211.078,
ready to bond,P24_HEADLIGHT_HOUSING_L_whole.stl,1791.6,0.098,0.098,90.0,2057.328,117.0,0.208,0.208,90.0,2499.128,122.0,
ready to bond,P25_HEADLIGHT_HOUSING_R_whole.stl,1791.6,0.098,0.098,90.0,2057.328,117.0,0.208,0.208,90.0,2499.128,122.0,
ready to bond,P26_TAIL_HOUSING_L_whole.stl,3249.98,0.159,0.159,90.0,2848.01,55.0,0.332,0.332,90.0,3634.63,60.0,
ready to bond,P27_TAIL_HOUSING_R_whole.stl,3249.98,0.159,0.159,90.0,2848.01,55.0,0.332,0.332,90.0,3634.63,60.0,
ready to bond,P28_FRONT_SPLITTER_L_whole.stl,4177.809,0.178,0.105,90.0,4621.336,125.478,0.178,0.105,90.0,3319.446,180.953,yes
ready to bond,P29_HEADLIGHT_SURROUND_L_whole.stl,651.36,0.0,0.0,0.0,0.0,0.0,0.196,0.196,90.0,356.832,28.0,
ready to bond,P30_HEADLIGHT_SURROUND_R_whole.stl,651.36,0.0,0.0,0.0,0.0,0.0,0.196,0.196,90.0,356.832,28.0,
ready to bond,P31_INTAKE_DUCT_L_whole.stl,6869.398,0.148,0.128,90.0,15253.992,266.0,0.148,0.128,90.0,8546.041,210.0,yes
ready to bond,P32_INTAKE_DUCT_R_whole.stl,6869.398,0.115,0.096,90.0,7867.501,206.0,0.148,0.129,90.0,16091.923,270.0,
ready to bond,P34_REAR_CENTRE_MASK_whole.stl,1346.88,0.0,0.0,0.0,0.0,0.0,0.283,0.283,90.0,761.28,20.0,
ready to bond,P35_EXHAUST_SURROUND_whole.stl,656.479,0.0,0.0,0.0,0.0,0.0,0.204,0.204,90.0,321.215,24.0,
ready to bond,P36_PLATE_RECESS_whole.stl,829.441,0.0,0.0,0.0,0.0,0.0,0.278,0.278,90.0,368.641,16.0,
ready to bond,P39_ROCKER_END_L_whole.stl,1690.343,0.373,0.126,81.566,503.813,195.598,0.373,0.126,81.566,4015.102,211.228,
ready to bond,P40_ROCKER_END_R_whole.stl,1690.343,0.373,0.126,81.566,503.814,195.598,0.373,0.126,81.566,4015.103,211.228,
ready to bond,P41_FRONT_SPLITTER_R_whole.stl,4177.638,0.177,0.105,90.0,4626.728,125.734,0.177,0.105,90.0,3324.162,180.953,yes
shape only,P03_FRONT_FENDER_L_whole.stl,24390.817,0.244,0.213,90.0,328089.279,773.822,0.244,0.213,90.0,75271.97,600.968,yes
shape only,P04_FRONT_FENDER_R_whole.stl,24390.925,0.243,0.213,90.0,328060.175,773.822,0.243,0.213,90.0,75262.601,600.959,yes
shape only,P09_DOOR_SKIN_L_whole.stl,18568.162,0.269,0.251,89.066,57996.45,200.98,0.269,0.251,89.066,37903.105,204.856,yes
shape only,P10_DOOR_SKIN_R_whole.stl,18568.158,0.269,0.251,89.066,57996.342,200.98,0.269,0.251,89.066,37902.261,204.856,yes
shape only,P15_REAR_HAUNCH_L_whole.stl,12642.289,0.181,0.088,90.0,52889.1,572.983,0.181,0.088,90.0,11634.243,578.465,yes
shape only,P16_REAR_HAUNCH_R_whole.stl,12642.278,0.181,0.088,90.0,52886.87,572.983,0.181,0.088,90.0,11633.507,578.476,yes
