ID,PART,PIECES,LENGTH,WIDTH,HEIGHT,AREA_M2,CORE_VOLUME_CM3,EST_MASS_KG,FACES
P01,FRONT_FASCIA,1,295.0,1653.2,378.5,0.784,2353.1,2.92,1684
P28,FRONT_SPLITTER_L,1,295.0,818.5,180.0,0.091,272.7,0.34,106
P41,FRONT_SPLITTER_R,1,295.0,818.5,180.0,0.091,272.7,0.34,106
P02,HOOD,1,1075.0,760.0,289.2,0.86,2580.6,3.2,448
P03,FRONT_FENDER_L,2,1095.0,816.3,813.2,0.906,2717.7,3.37,822
P04,FRONT_FENDER_R,2,1095.0,816.3,813.2,0.906,2717.7,3.37,822
P07,ROCKER_L,1,1826.9,170.5,207.5,0.414,1243.1,1.54,201
P08,ROCKER_R,1,1826.9,170.5,207.5,0.414,1243.1,1.54,201
P39,ROCKER_END_L,1,283.1,907.6,209.1,0.168,503.5,0.62,85
P40,ROCKER_END_R,1,283.1,907.6,209.1,0.168,503.5,0.62,85
P09,DOOR_SKIN_L,1,1195.0,218.0,543.1,0.873,2619.6,3.25,477
P10,DOOR_SKIN_R,1,1195.0,218.0,543.1,0.873,2619.6,3.25,477
P11,SIDE_INTAKE_L,2,520.0,41.1,370.0,0.081,241.9,0.3,64
P12,SIDE_INTAKE_R,2,520.0,41.1,370.0,0.081,241.9,0.3,64
P15,REAR_HAUNCH_L,1,1365.0,925.0,578.5,0.593,1777.6,2.2,439
P16,REAR_HAUNCH_R,1,1365.0,925.0,578.5,0.593,1777.6,2.2,439
P17,BUTTRESS_L,1,950.0,40.0,256.5,0.413,1240.3,1.54,22
P18,BUTTRESS_R,1,950.0,40.0,256.5,0.413,1240.3,1.54,22
P19,REAR_DECK_L,1,1000.0,248.7,124.3,0.227,682.4,0.85,116
P42,REAR_DECK_R,1,1000.0,248.7,124.3,0.227,682.4,0.85,116
P20,ENGINE_COVER,1,1000.0,1120.0,150.5,1.145,3435.7,4.26,406
P21,REAR_FASCIA,1,420.0,1740.8,578.8,1.672,5015.9,6.22,1120
P22,DIFFUSER,1,391.7,1699.7,174.5,0.623,1869.7,2.32,774
P13,INTAKE_BLADE_L,1,175.0,44.0,244.0,0.1,298.7,0.37,14
P14,INTAKE_BLADE_R,1,175.0,44.0,244.0,0.1,298.7,0.37,14
P05,FENDER_CHANNEL_L,1,380.0,154.0,117.9,0.297,890.8,1.1,58
P06,FENDER_CHANNEL_R,1,380.0,154.0,117.9,0.297,890.8,1.1,52
P34,REAR_CENTRE_MASK,1,20.0,592.0,192.0,0.135,404.1,0.5,12
P36,PLATE_RECESS,1,16.0,502.0,114.0,0.083,248.8,0.31,12
P35,EXHAUST_SURROUND,1,24.0,280.0,122.0,0.066,196.9,0.24,18
P29,HEADLIGHT_SURROUND_L,1,28.0,98.0,108.0,0.031,93.8,0.12,12
P30,HEADLIGHT_SURROUND_R,1,28.0,98.0,108.0,0.031,93.8,0.12,12
P24,HEADLIGHT_HOUSING_L,1,172.0,122.0,122.0,0.189,565.6,0.7,12
P25,HEADLIGHT_HOUSING_R,1,172.0,122.0,122.0,0.189,565.6,0.7,12
P52,TAIL_CORNER_BLADE_L,1,170.0,40.0,450.0,0.182,547.4,0.68,10
P53,TAIL_CORNER_BLADE_R,1,170.0,40.0,450.0,0.182,547.4,0.68,10
P26,TAIL_HOUSING_L,1,184.5,731.0,60.0,0.325,975.0,1.21,25
P27,TAIL_HOUSING_R,1,184.5,731.0,60.0,0.325,975.0,1.21,29
P31,INTAKE_DUCT_L,1,310.0,700.0,270.0,0.687,2060.8,2.56,36
P32,INTAKE_DUCT_R,1,310.0,700.0,270.0,0.687,2060.8,2.56,36
P48,CORNER_BLADE_L,1,67.9,20.0,220.0,0.041,124.2,0.15,6
P49,CORNER_BLADE_R,1,68.1,20.0,220.0,0.041,124.4,0.15,6
P43,FRONT_MASK,1,22.0,760.0,210.0,0.166,496.8,0.62,12
P44,DIFFUSER_FIN_INNER_L,1,400.0,16.0,210.1,0.118,354.9,0.44,18
P45,DIFFUSER_FIN_INNER_R,1,400.0,16.0,210.1,0.118,354.9,0.44,18
P46,DIFFUSER_FIN_OUTER_L,1,300.0,16.0,175.8,0.077,230.7,0.29,18
P47,DIFFUSER_FIN_OUTER_R,1,300.0,16.0,175.8,0.077,230.7,0.29,18
P50,STRAKE_L,1,103.9,135.7,87.1,0.016,48.0,0.06,10
P51,STRAKE_R,1,104.3,135.7,87.1,0.016,48.1,0.06,10
