PANEL_ID,NAME,ZONE,DESIGN_FUNCTION,BOUNDARY_REASON,DONOR_INTERFACE,MOUNTING,REMOVABLE,FLANGE,INTERLOCK,THICKNESS,PRINT_ORIENTATION,SPLIT_STRATEGY,SUPPORT,TRIM_ALLOWANCE_MM,ASSEMBLY_STEP,INSTALL_VECTOR,ACCESS,SHAPE_DRIVER,INTERFACE_CLASS,SCAN_STATUS,READINESS,RISK,STATUS
P01,FRONT_FASCIA,FRONT,the wedge nose and its face,our nose form; the donor only sets how far forward it may sit,"crash beam position and its brackets — the STATEV nose sits 57 mm behind the OEM bumper face, bumper and fender mounting points, radiator position and the space in front of it",bolts through flange into donor threads. Positions SCAN REQUIRED.,yes,"20-35 mm wide, 10-20 mm overlap. PROVISIONAL until docs/13 Q15.",tongue-and-groove at every print split. Clearance PROVISIONAL until Q35/Q36.,"PROVISIONAL. Stack is print core + surface prep + laminate + local reinforcement; core wall from Q30, laminate from Q12, infill from Q37.","class-A face up or vertical, never down onto supports; a supported face must be one that ends up inside the car. Overhang limit from Q32.",splits at the centreline and behind the light blade,"target support-free. Where unavoidable, the supported face is an inner face. Who removes them and what prep the surface then needs: Q33.",15,3,+X,removable for crash-beam access,OURS,C,RED,READY NOW,MEDIUM,"PROPOSED, not approved"
P28,FRONT_SPLITTER_L,FRONT,"lower aero lip, left half; first thing to ground out","our splitter; the first thing to ground out, so replaceable alone","crash beam position and its brackets — the STATEV nose sits 57 mm behind the OEM bumper face, bumper and fender mounting points, radiator position and the space in front of it","bolts or bonded tabs onto OUR adjacent panel, not onto the donor.",yes,"20-35 mm wide, 10-20 mm overlap. PROVISIONAL until docs/13 Q15.",tongue-and-groove at every print split. Clearance PROVISIONAL until Q35/Q36.,"PROVISIONAL. Stack is print core + surface prep + laminate + local reinforcement; core wall from Q30, laminate from Q12, infill from Q37.","class-A face up or vertical, never down onto supports; a supported face must be one that ends up inside the car. Overhang limit from Q32.",no centreline split needed: the nose mouth already ends it at the centre,"target support-free. Where unavoidable, the supported face is an inner face. Who removes them and what prep the surface then needs: Q33.",10,4,+Z,replaceable alone without disturbing the fascia,OURS,C,RED,READY NOW,MEDIUM,"PROPOSED, not approved"
P41,FRONT_SPLITTER_R,FRONT,"lower aero lip, right half; first thing to ground out","our splitter; the first thing to ground out, so replaceable alone","crash beam position and its brackets — the STATEV nose sits 57 mm behind the OEM bumper face, bumper and fender mounting points, radiator position and the space in front of it","bolts or bonded tabs onto OUR adjacent panel, not onto the donor.",yes,"20-35 mm wide, 10-20 mm overlap. PROVISIONAL until docs/13 Q15.",tongue-and-groove at every print split. Clearance PROVISIONAL until Q35/Q36.,"PROVISIONAL. Stack is print core + surface prep + laminate + local reinforcement; core wall from Q30, laminate from Q12, infill from Q37.","class-A face up or vertical, never down onto supports; a supported face must be one that ends up inside the car. Overhang limit from Q32.",no centreline split needed: the nose mouth already ends it at the centre,"target support-free. Where unavoidable, the supported face is an inner face. Who removes them and what prep the surface then needs: Q33.",10,4,+Z,replaceable alone without disturbing the fascia,OURS,C,RED,READY NOW,MEDIUM,"PROPOSED, not approved"
P02,HOOD,FRONT,"long low hood, two faint tension zones",outer shape ours; rear edge lands on the donor cowl,"hinge positions and swing arc, frunk aperture and its flange, washer bottle / latch",bolts through flange into donor threads. Positions SCAN REQUIRED.,yes,"20-35 mm wide, 10-20 mm overlap. PROVISIONAL until docs/13 Q15.",tongue-and-groove at every print split. Clearance PROVISIONAL until Q35/Q36.,"PROVISIONAL. Stack is print core + surface prep + laminate + local reinforcement; core wall from Q30, laminate from Q12, infill from Q37.","class-A face up or vertical, never down onto supports; a supported face must be one that ends up inside the car. Overhang limit from Q32.","splits across, behind the vents","target support-free. Where unavoidable, the supported face is an inner face. Who removes them and what prep the surface then needs: Q33.",15,5,-Z,opens for frunk; hinge arc SCAN REQUIRED,MIXED,C,YELLOW,READY NOW,LOW,"PROPOSED, not approved"
P03,FRONT_FENDER_L,FRONT,sculpted fender over the front wheel,arch opening and the front shut line govern it,"fender mounting points, wheelhouse liner and its clearance, steering lock envelope — the kingpin axis is unknown, so the swept volume is a worst case",bolts through flange into donor threads. Positions SCAN REQUIRED.,yes,"20-35 mm wide, 10-20 mm overlap. PROVISIONAL until docs/13 Q15.",tongue-and-groove at every print split. Clearance PROVISIONAL until Q35/Q36.,"PROVISIONAL. Stack is print core + surface prep + laminate + local reinforcement; core wall from Q30, laminate from Q12, infill from Q37.","class-A face up or vertical, never down onto supports; a supported face must be one that ends up inside the car. Overhang limit from Q32.",splits at the arch crown,"target support-free. Where unavoidable, the supported face is an inner face. Who removes them and what prep the surface then needs: Q33.",20,5,-Y,off for wheelhouse and suspension,DONOR,C,YELLOW,SCAN REQUIRED,MEDIUM,"PROPOSED, not approved"
P04,FRONT_FENDER_R,FRONT,sculpted fender over the front wheel,arch opening and the front shut line govern it,"fender mounting points, wheelhouse liner and its clearance, steering lock envelope — the kingpin axis is unknown, so the swept volume is a worst case",bolts through flange into donor threads. Positions SCAN REQUIRED.,yes,"20-35 mm wide, 10-20 mm overlap. PROVISIONAL until docs/13 Q15.",tongue-and-groove at every print split. Clearance PROVISIONAL until Q35/Q36.,"PROVISIONAL. Stack is print core + surface prep + laminate + local reinforcement; core wall from Q30, laminate from Q12, infill from Q37.","class-A face up or vertical, never down onto supports; a supported face must be one that ends up inside the car. Overhang limit from Q32.",splits at the arch crown,"target support-free. Where unavoidable, the supported face is an inner face. Who removes them and what prep the surface then needs: Q33.",20,5,+Y,off for wheelhouse and suspension,DONOR,C,YELLOW,SCAN REQUIRED,MEDIUM,"PROPOSED, not approved"
P05,FENDER_CHANNEL_L,FRONT,insert closing the fender channel,insert inside our own channel,"fender mounting points, wheelhouse liner and its clearance, steering lock envelope — the kingpin axis is unknown, so the swept volume is a worst case","bolts or bonded tabs onto OUR adjacent panel, not onto the donor.",yes,"20-35 mm wide, 10-20 mm overlap. PROVISIONAL until docs/13 Q15.",tongue-and-groove at every print split. Clearance PROVISIONAL until Q35/Q36.,"PROVISIONAL. Stack is print core + surface prep + laminate + local reinforcement; core wall from Q30, laminate from Q12, infill from Q37.","class-A face up or vertical, never down onto supports; a supported face must be one that ends up inside the car. Overhang limit from Q32.",single piece on any machine,"target support-free. Where unavoidable, the supported face is an inner face. Who removes them and what prep the surface then needs: Q33.",8,6,-Y,clips out from inside the channel,OURS,C,YELLOW,READY NOW,LOW,"PROPOSED, not approved"
P06,FENDER_CHANNEL_R,FRONT,insert closing the fender channel,insert inside our own channel,"fender mounting points, wheelhouse liner and its clearance, steering lock envelope — the kingpin axis is unknown, so the swept volume is a worst case","bolts or bonded tabs onto OUR adjacent panel, not onto the donor.",yes,"20-35 mm wide, 10-20 mm overlap. PROVISIONAL until docs/13 Q15.",tongue-and-groove at every print split. Clearance PROVISIONAL until Q35/Q36.,"PROVISIONAL. Stack is print core + surface prep + laminate + local reinforcement; core wall from Q30, laminate from Q12, infill from Q37.","class-A face up or vertical, never down onto supports; a supported face must be one that ends up inside the car. Overhang limit from Q32.",single piece on any machine,"target support-free. Where unavoidable, the supported face is an inner face. Who removes them and what prep the surface then needs: Q33.",8,6,+Y,clips out from inside the channel,OURS,C,YELLOW,READY NOW,LOW,"PROPOSED, not approved"
P29,HEADLIGHT_SURROUND_L,FRONT,body-colour surround framing the light blade,body-colour surround around a bought module; the module is fixed,"the front structure the housing bolts to, beam aim check on the real car","bolts or bonded tabs onto OUR adjacent panel, not onto the donor.",yes,"20-35 mm wide, 10-20 mm overlap. PROVISIONAL until docs/13 Q15.",tongue-and-groove at every print split. Clearance PROVISIONAL until Q35/Q36.,"PROVISIONAL. Stack is print core + surface prep + laminate + local reinforcement; core wall from Q30, laminate from Q12, infill from Q37.","class-A face up or vertical, never down onto supports; a supported face must be one that ends up inside the car. Overhang limit from Q32.",single piece,"target support-free. Where unavoidable, the supported face is an inner face. Who removes them and what prep the surface then needs: Q33.",8,7,+X,off with the fascia,OURS,C,YELLOW,READY NOW,LOW,"PROPOSED, not approved"
P30,HEADLIGHT_SURROUND_R,FRONT,body-colour surround framing the light blade,body-colour surround around a bought module; the module is fixed,"the front structure the housing bolts to, beam aim check on the real car","bolts or bonded tabs onto OUR adjacent panel, not onto the donor.",yes,"20-35 mm wide, 10-20 mm overlap. PROVISIONAL until docs/13 Q15.",tongue-and-groove at every print split. Clearance PROVISIONAL until Q35/Q36.,"PROVISIONAL. Stack is print core + surface prep + laminate + local reinforcement; core wall from Q30, laminate from Q12, infill from Q37.","class-A face up or vertical, never down onto supports; a supported face must be one that ends up inside the car. Overhang limit from Q32.",single piece,"target support-free. Where unavoidable, the supported face is an inner face. Who removes them and what prep the surface then needs: Q33.",8,7,+X,off with the fascia,OURS,C,YELLOW,READY NOW,LOW,"PROPOSED, not approved"
P07,ROCKER_L,SIDE,thin structural rocker blade,outer form ours; the sill profile governs where it can bond,"sill profile and where a bonded flange can land, jack point access after the panel is on",bonded flange to donor sheet + mechanical at the ends. Points SCAN REQUIRED.,yes,"20-35 mm wide, 10-20 mm overlap. PROVISIONAL until docs/13 Q15.",tongue-and-groove at every print split. Clearance PROVISIONAL until Q35/Q36.,"PROVISIONAL. Stack is print core + surface prep + laminate + local reinforcement; core wall from Q30, laminate from Q12, infill from Q37.","class-A face up or vertical, never down onto supports; a supported face must be one that ends up inside the car. Overhang limit from Q32.",splits at the door shut line,"target support-free. Where unavoidable, the supported face is an inner face. Who removes them and what prep the surface then needs: Q33.",12,8,-Y,jack points must stay usable with it on,MIXED,C,YELLOW,READY NOW,LOW,"PROPOSED, not approved"
P08,ROCKER_R,SIDE,thin structural rocker blade,outer form ours; the sill profile governs where it can bond,"sill profile and where a bonded flange can land, jack point access after the panel is on",bonded flange to donor sheet + mechanical at the ends. Points SCAN REQUIRED.,yes,"20-35 mm wide, 10-20 mm overlap. PROVISIONAL until docs/13 Q15.",tongue-and-groove at every print split. Clearance PROVISIONAL until Q35/Q36.,"PROVISIONAL. Stack is print core + surface prep + laminate + local reinforcement; core wall from Q30, laminate from Q12, infill from Q37.","class-A face up or vertical, never down onto supports; a supported face must be one that ends up inside the car. Overhang limit from Q32.",splits at the door shut line,"target support-free. Where unavoidable, the supported face is an inner face. Who removes them and what prep the surface then needs: Q33.",12,8,+Y,jack points must stay usable with it on,MIXED,C,YELLOW,READY NOW,LOW,"PROPOSED, not approved"
P39,ROCKER_END_L,SIDE,"corner between the rear wheel and the fascia, below the rocker line","our corner behind the rear wheel; all four of its edges are ours or published, so nothing donor-derived shapes it","sill profile and where a bonded flange can land, jack point access after the panel is on","bolts or bonded tabs onto OUR adjacent panel, not onto the donor.",yes,"20-35 mm wide, 10-20 mm overlap. PROVISIONAL until docs/13 Q15.",tongue-and-groove at every print split. Clearance PROVISIONAL until Q35/Q36.,"PROVISIONAL. Stack is print core + surface prep + laminate + local reinforcement; core wall from Q30, laminate from Q12, infill from Q37.","class-A face up or vertical, never down onto supports; a supported face must be one that ends up inside the car. Overhang limit from Q32.",single piece at 264 mm long on any plausible machine,"target support-free. Where unavoidable, the supported face is an inner face. Who removes them and what prep the surface then needs: Q33.",12,8,-Y,sits ahead of the exhaust exit; heat path SCAN REQUIRED,OURS,C,YELLOW,READY NOW,LOW,"PROPOSED, not approved"
P40,ROCKER_END_R,SIDE,"corner between the rear wheel and the fascia, below the rocker line","our corner behind the rear wheel; all four of its edges are ours or published, so nothing donor-derived shapes it","sill profile and where a bonded flange can land, jack point access after the panel is on","bolts or bonded tabs onto OUR adjacent panel, not onto the donor.",yes,"20-35 mm wide, 10-20 mm overlap. PROVISIONAL until docs/13 Q15.",tongue-and-groove at every print split. Clearance PROVISIONAL until Q35/Q36.,"PROVISIONAL. Stack is print core + surface prep + laminate + local reinforcement; core wall from Q30, laminate from Q12, infill from Q37.","class-A face up or vertical, never down onto supports; a supported face must be one that ends up inside the car. Overhang limit from Q32.",single piece at 264 mm long on any plausible machine,"target support-free. Where unavoidable, the supported face is an inner face. Who removes them and what prep the surface then needs: Q33.",12,8,+Y,sits ahead of the exhaust exit; heat path SCAN REQUIRED,OURS,C,YELLOW,READY NOW,LOW,"PROPOSED, not approved"
P09,DOOR_SKIN_L,SIDE,door skin overlay carrying the side channel,"overlay on the OEM door skin, between two donor shut lines","the OEM door's outer surface — the new skin is an overlay and must sit on it, hinge and check-strap positions, glass drop path and seal line",bonded to the OEM door skin; no fasteners through the door. SCAN REQUIRED for the surface it sits on.,yes,"20-35 mm wide, 10-20 mm overlap. PROVISIONAL until docs/13 Q15.",tongue-and-groove at every print split. Clearance PROVISIONAL until Q35/Q36.,"PROVISIONAL. Stack is print core + surface prep + laminate + local reinforcement; core wall from Q30, laminate from Q12, infill from Q37.","class-A face up or vertical, never down onto supports; a supported face must be one that ends up inside the car. Overhang limit from Q32.","splits at the channel, hidden in the void","target support-free. Where unavoidable, the supported face is an inner face. Who removes them and what prep the surface then needs: Q33.",10,9,-Y,door must open and the glass must drop,DONOR,C,YELLOW,SCAN REQUIRED,MEDIUM,"PROPOSED, not approved"
P10,DOOR_SKIN_R,SIDE,door skin overlay carrying the side channel,"overlay on the OEM door skin, between two donor shut lines","the OEM door's outer surface — the new skin is an overlay and must sit on it, hinge and check-strap positions, glass drop path and seal line",bonded to the OEM door skin; no fasteners through the door. SCAN REQUIRED for the surface it sits on.,yes,"20-35 mm wide, 10-20 mm overlap. PROVISIONAL until docs/13 Q15.",tongue-and-groove at every print split. Clearance PROVISIONAL until Q35/Q36.,"PROVISIONAL. Stack is print core + surface prep + laminate + local reinforcement; core wall from Q30, laminate from Q12, infill from Q37.","class-A face up or vertical, never down onto supports; a supported face must be one that ends up inside the car. Overhang limit from Q32.","splits at the channel, hidden in the void","target support-free. Where unavoidable, the supported face is an inner face. Who removes them and what prep the surface then needs: Q33.",10,9,+Y,door must open and the glass must drop,DONOR,C,YELLOW,SCAN REQUIRED,MEDIUM,"PROPOSED, not approved"
P37,MIRROR_CAP_L,SIDE,cap over the OEM mirror body,cap over the OEM mirror body — its inner surface must match it,"the OEM door's outer surface — the new skin is an overlay and must sit on it, hinge and check-strap positions, glass drop path and seal line",clips onto the OEM mirror. Its inner surface must match a mirror nobody has measured: SCAN REQUIRED.,yes,"20-35 mm wide, 10-20 mm overlap. PROVISIONAL until docs/13 Q15.",tongue-and-groove at every print split. Clearance PROVISIONAL until Q35/Q36.,"PROVISIONAL. Stack is print core + surface prep + laminate + local reinforcement; core wall from Q30, laminate from Q12, infill from Q37.","class-A face up or vertical, never down onto supports; a supported face must be one that ends up inside the car. Overhang limit from Q32.",single piece,"target support-free. Where unavoidable, the supported face is an inner face. Who removes them and what prep the surface then needs: Q33.",5,10,-Y,clips off by hand,DONOR,C,YELLOW,SCAN REQUIRED,MEDIUM,"PROPOSED, not approved"
P38,MIRROR_CAP_R,SIDE,cap over the OEM mirror body,cap over the OEM mirror body — its inner surface must match it,"the OEM door's outer surface — the new skin is an overlay and must sit on it, hinge and check-strap positions, glass drop path and seal line",clips onto the OEM mirror. Its inner surface must match a mirror nobody has measured: SCAN REQUIRED.,yes,"20-35 mm wide, 10-20 mm overlap. PROVISIONAL until docs/13 Q15.",tongue-and-groove at every print split. Clearance PROVISIONAL until Q35/Q36.,"PROVISIONAL. Stack is print core + surface prep + laminate + local reinforcement; core wall from Q30, laminate from Q12, infill from Q37.","class-A face up or vertical, never down onto supports; a supported face must be one that ends up inside the car. Overhang limit from Q32.",single piece,"target support-free. Where unavoidable, the supported face is an inner face. Who removes them and what prep the surface then needs: Q33.",5,10,+Y,clips off by hand,DONOR,C,YELLOW,SCAN REQUIRED,MEDIUM,"PROPOSED, not approved"
P11,SIDE_INTAKE_L,SIDE,"intake mouth surround, ahead of the rear wheel",the real opening behind it governs the mouth,"the real opening's shape, not just its X, duct route from the opening to the plenum, what is behind the opening on this particular car",bonded flange to donor sheet + mechanical at the ends. Points SCAN REQUIRED.,yes,"20-35 mm wide, 10-20 mm overlap. PROVISIONAL until docs/13 Q15.",tongue-and-groove at every print split. Clearance PROVISIONAL until Q35/Q36.,"PROVISIONAL. Stack is print core + surface prep + laminate + local reinforcement; core wall from Q30, laminate from Q12, infill from Q37.","class-A face up or vertical, never down onto supports; a supported face must be one that ends up inside the car. Overhang limit from Q32.",split at the mouth's own lip,"target support-free. Where unavoidable, the supported face is an inner face. Who removes them and what prep the surface then needs: Q33.",15,11,-Y,duct behind it must stay reachable,DONOR,C,RED,SCAN REQUIRED,HIGH,"PROPOSED, not approved"
P12,SIDE_INTAKE_R,SIDE,"intake mouth surround, ahead of the rear wheel",the real opening behind it governs the mouth,"the real opening's shape, not just its X, duct route from the opening to the plenum, what is behind the opening on this particular car",bonded flange to donor sheet + mechanical at the ends. Points SCAN REQUIRED.,yes,"20-35 mm wide, 10-20 mm overlap. PROVISIONAL until docs/13 Q15.",tongue-and-groove at every print split. Clearance PROVISIONAL until Q35/Q36.,"PROVISIONAL. Stack is print core + surface prep + laminate + local reinforcement; core wall from Q30, laminate from Q12, infill from Q37.","class-A face up or vertical, never down onto supports; a supported face must be one that ends up inside the car. Overhang limit from Q32.",split at the mouth's own lip,"target support-free. Where unavoidable, the supported face is an inner face. Who removes them and what prep the surface then needs: Q33.",15,11,+Y,duct behind it must stay reachable,DONOR,C,RED,SCAN REQUIRED,HIGH,"PROPOSED, not approved"
P31,INTAKE_DUCT_L,SIDE,visible structure inside the intake,what the eye sees through the intake; the real opening governs it,"the real opening's shape, not just its X, duct route from the opening to the plenum, what is behind the opening on this particular car","bolts or bonded tabs onto OUR adjacent panel, not onto the donor.",yes,"20-35 mm wide, 10-20 mm overlap. PROVISIONAL until docs/13 Q15.",tongue-and-groove at every print split. Clearance PROVISIONAL until Q35/Q36.,"PROVISIONAL. Stack is print core + surface prep + laminate + local reinforcement; core wall from Q30, laminate from Q12, infill from Q37.","class-A face up or vertical, never down onto supports; a supported face must be one that ends up inside the car. Overhang limit from Q32.",single piece,"target support-free. Where unavoidable, the supported face is an inner face. Who removes them and what prep the surface then needs: Q33.",6,12,-Y,out through the mouth,DONOR,C,RED,SCAN REQUIRED,HIGH,"PROPOSED, not approved"
P32,INTAKE_DUCT_R,SIDE,visible structure inside the intake,what the eye sees through the intake; the real opening governs it,"the real opening's shape, not just its X, duct route from the opening to the plenum, what is behind the opening on this particular car","bolts or bonded tabs onto OUR adjacent panel, not onto the donor.",yes,"20-35 mm wide, 10-20 mm overlap. PROVISIONAL until docs/13 Q15.",tongue-and-groove at every print split. Clearance PROVISIONAL until Q35/Q36.,"PROVISIONAL. Stack is print core + surface prep + laminate + local reinforcement; core wall from Q30, laminate from Q12, infill from Q37.","class-A face up or vertical, never down onto supports; a supported face must be one that ends up inside the car. Overhang limit from Q32.",single piece,"target support-free. Where unavoidable, the supported face is an inner face. Who removes them and what prep the surface then needs: Q33.",6,12,+Y,out through the mouth,DONOR,C,RED,SCAN REQUIRED,HIGH,"PROPOSED, not approved"
P13,INTAKE_BLADE_L,SIDE,the vertical blade dividing body from cavity,blade inside our own mouth,"the real opening's shape, not just its X, duct route from the opening to the plenum, what is behind the opening on this particular car","bolts or bonded tabs onto OUR adjacent panel, not onto the donor.",yes,"20-35 mm wide, 10-20 mm overlap. PROVISIONAL until docs/13 Q15.",tongue-and-groove at every print split. Clearance PROVISIONAL until Q35/Q36.,"PROVISIONAL. Stack is print core + surface prep + laminate + local reinforcement; core wall from Q30, laminate from Q12, infill from Q37.","class-A face up or vertical, never down onto supports; a supported face must be one that ends up inside the car. Overhang limit from Q32.",single piece,"target support-free. Where unavoidable, the supported face is an inner face. Who removes them and what prep the surface then needs: Q33.",6,13,-Y,out before the intake surround,OURS,C,RED,READY NOW,MEDIUM,"PROPOSED, not approved"
P14,INTAKE_BLADE_R,SIDE,the vertical blade dividing body from cavity,blade inside our own mouth,"the real opening's shape, not just its X, duct route from the opening to the plenum, what is behind the opening on this particular car","bolts or bonded tabs onto OUR adjacent panel, not onto the donor.",yes,"20-35 mm wide, 10-20 mm overlap. PROVISIONAL until docs/13 Q15.",tongue-and-groove at every print split. Clearance PROVISIONAL until Q35/Q36.,"PROVISIONAL. Stack is print core + surface prep + laminate + local reinforcement; core wall from Q30, laminate from Q12, infill from Q37.","class-A face up or vertical, never down onto supports; a supported face must be one that ends up inside the car. Overhang limit from Q32.",single piece,"target support-free. Where unavoidable, the supported face is an inner face. Who removes them and what prep the surface then needs: Q33.",6,13,+Y,out before the intake surround,OURS,C,RED,READY NOW,MEDIUM,"PROPOSED, not approved"
P15,REAR_HAUNCH_L,REAR,"muscular rear haunch, overlay on the welded quarter",overlay bonded to the welded quarter; the quarter governs it,"the welded quarter's outer surface — the overlay bonds to it, where the bodyshop can cut a 30–40 mm flange without touching structure, wheelhouse and full suspension travel","bonded overlay, plus a 30-40 mm flange the bodyshop cuts where no seam exists. Where that flange can land is SCAN REQUIRED.",no,"20-35 mm wide, 10-20 mm overlap. PROVISIONAL until docs/13 Q15.",tongue-and-groove at every print split. Clearance PROVISIONAL until Q35/Q36.,"PROVISIONAL. Stack is print core + surface prep + laminate + local reinforcement; core wall from Q30, laminate from Q12, infill from Q37.","class-A face up or vertical, never down onto supports; a supported face must be one that ends up inside the car. Overhang limit from Q32.",splits at the arch crown and the shut line,"target support-free. Where unavoidable, the supported face is an inner face. Who removes them and what prep the surface then needs: Q33.",20,14,-Y,not removable once bonded; accept that,DONOR,C,RED,SCAN REQUIRED,HIGH,"PROPOSED, not approved"
P16,REAR_HAUNCH_R,REAR,"muscular rear haunch, overlay on the welded quarter",overlay bonded to the welded quarter; the quarter governs it,"the welded quarter's outer surface — the overlay bonds to it, where the bodyshop can cut a 30–40 mm flange without touching structure, wheelhouse and full suspension travel","bonded overlay, plus a 30-40 mm flange the bodyshop cuts where no seam exists. Where that flange can land is SCAN REQUIRED.",no,"20-35 mm wide, 10-20 mm overlap. PROVISIONAL until docs/13 Q15.",tongue-and-groove at every print split. Clearance PROVISIONAL until Q35/Q36.,"PROVISIONAL. Stack is print core + surface prep + laminate + local reinforcement; core wall from Q30, laminate from Q12, infill from Q37.","class-A face up or vertical, never down onto supports; a supported face must be one that ends up inside the car. Overhang limit from Q32.",splits at the arch crown and the shut line,"target support-free. Where unavoidable, the supported face is an inner face. Who removes them and what prep the surface then needs: Q33.",20,14,+Y,not removable once bonded; accept that,DONOR,C,RED,SCAN REQUIRED,HIGH,"PROPOSED, not approved"
P17,BUTTRESS_L,REAR,buttress blade beside the deck,"our blade, but it sits in the roof fold envelope","roll-bar tube diameter and its real envelope, whether a bonded subframe can pick up on the roll-bar mounts","bolts or bonded tabs onto OUR adjacent panel, not onto the donor.",no,"20-35 mm wide, 10-20 mm overlap. PROVISIONAL until docs/13 Q15.",tongue-and-groove at every print split. Clearance PROVISIONAL until Q35/Q36.,"PROVISIONAL. Stack is print core + surface prep + laminate + local reinforcement; core wall from Q30, laminate from Q12, infill from Q37.","class-A face up or vertical, never down onto supports; a supported face must be one that ends up inside the car. Overhang limit from Q32.","single piece, but the blade itself is BLOCKED","target support-free. Where unavoidable, the supported face is an inner face. Who removes them and what prep the surface then needs: Q33.",12,15,-Z,fixed; sits over the roof fold volume,MIXED,C,YELLOW,BLOCKED,HIGH,"PROPOSED, not approved"
P18,BUTTRESS_R,REAR,buttress blade beside the deck,"our blade, but it sits in the roof fold envelope","roll-bar tube diameter and its real envelope, whether a bonded subframe can pick up on the roll-bar mounts","bolts or bonded tabs onto OUR adjacent panel, not onto the donor.",no,"20-35 mm wide, 10-20 mm overlap. PROVISIONAL until docs/13 Q15.",tongue-and-groove at every print split. Clearance PROVISIONAL until Q35/Q36.,"PROVISIONAL. Stack is print core + surface prep + laminate + local reinforcement; core wall from Q30, laminate from Q12, infill from Q37.","class-A face up or vertical, never down onto supports; a supported face must be one that ends up inside the car. Overhang limit from Q32.","single piece, but the blade itself is BLOCKED","target support-free. Where unavoidable, the supported face is an inner face. Who removes them and what prep the surface then needs: Q33.",12,15,-Z,fixed; sits over the roof fold volume,MIXED,C,YELLOW,BLOCKED,HIGH,"PROPOSED, not approved"
P19,REAR_DECK_L,REAR,"deck skin over the roof mechanism, left strip","our deck, height governed by the roof fold envelope","THE ROOF FOLD ENVELOPE in all four positions — closed, half, open, clamshell raised, whether the deck must move with the clamshell or the roof stows beneath it, engine lid aperture","bolts or bonded tabs onto OUR adjacent panel, not onto the donor.",no,"20-35 mm wide, 10-20 mm overlap. PROVISIONAL until docs/13 Q15.",tongue-and-groove at every print split. Clearance PROVISIONAL until Q35/Q36.,"PROVISIONAL. Stack is print core + surface prep + laminate + local reinforcement; core wall from Q30, laminate from Q12, infill from Q37.","class-A face up or vertical, never down onto supports; a supported face must be one that ends up inside the car. Overhang limit from Q32.",no centreline split needed: the engine cover already ends it inboard,"target support-free. Where unavoidable, the supported face is an inner face. Who removes them and what prep the surface then needs: Q33.",15,16,-Z,must clear the fold path in all four roof positions,MIXED,C,RED,BLOCKED,HIGH,"PROPOSED, not approved"
P42,REAR_DECK_R,REAR,"deck skin over the roof mechanism, right strip","our deck, height governed by the roof fold envelope","THE ROOF FOLD ENVELOPE in all four positions — closed, half, open, clamshell raised, whether the deck must move with the clamshell or the roof stows beneath it, engine lid aperture","bolts or bonded tabs onto OUR adjacent panel, not onto the donor.",no,"20-35 mm wide, 10-20 mm overlap. PROVISIONAL until docs/13 Q15.",tongue-and-groove at every print split. Clearance PROVISIONAL until Q35/Q36.,"PROVISIONAL. Stack is print core + surface prep + laminate + local reinforcement; core wall from Q30, laminate from Q12, infill from Q37.","class-A face up or vertical, never down onto supports; a supported face must be one that ends up inside the car. Overhang limit from Q32.",no centreline split needed: the engine cover already ends it inboard,"target support-free. Where unavoidable, the supported face is an inner face. Who removes them and what prep the surface then needs: Q33.",15,16,-Z,must clear the fold path in all four roof positions,MIXED,C,RED,BLOCKED,HIGH,"PROPOSED, not approved"
P20,ENGINE_COVER,REAR,engine cover carrying the louvres,"our cover, aperture governed by the donor engine lid","engine lid aperture and hinge, engine bay top surface — how low the louvred panel can sit, heat map: where the hot air actually needs to leave",bolts through flange into donor threads. Positions SCAN REQUIRED.,yes,"20-35 mm wide, 10-20 mm overlap. PROVISIONAL until docs/13 Q15.",tongue-and-groove at every print split. Clearance PROVISIONAL until Q35/Q36.,"PROVISIONAL. Stack is print core + surface prep + laminate + local reinforcement; core wall from Q30, laminate from Q12, infill from Q37.","class-A face up or vertical, never down onto supports; a supported face must be one that ends up inside the car. Overhang limit from Q32.","splits across, between louvre banks","target support-free. Where unavoidable, the supported face is an inner face. Who removes them and what prep the surface then needs: Q33.",12,17,-Z,opens for the engine; aperture SCAN REQUIRED,MIXED,C,RED,BLOCKED,HIGH,"PROPOSED, not approved"
P33,ENGINE_COVER_LOUVRES,REAR,"functional louvres, one common vanishing direction",our louvres; the engine lid aperture governs where they can sit,"engine lid aperture and hinge, engine bay top surface — how low the louvred panel can sit, heat map: where the hot air actually needs to leave","bolts or bonded tabs onto OUR adjacent panel, not onto the donor.",yes,"20-35 mm wide, 10-20 mm overlap. PROVISIONAL until docs/13 Q15.",tongue-and-groove at every print split. Clearance PROVISIONAL until Q35/Q36.,"PROVISIONAL. Stack is print core + surface prep + laminate + local reinforcement; core wall from Q30, laminate from Q12, infill from Q37.","class-A face up or vertical, never down onto supports; a supported face must be one that ends up inside the car. Overhang limit from Q32.","prints flat, one piece per bank","target support-free. Where unavoidable, the supported face is an inner face. Who removes them and what prep the surface then needs: Q33.",6,18,-Z,removable as a bank for engine access,MIXED,C,RED,BLOCKED,HIGH,"PROPOSED, not approved"
P21,REAR_FASCIA,REAR,rear fascia; the light bar cuts the tail in two,our rear form,"rear bumper mounting points and crash structure, exhaust hanger positions",bolts through flange into donor threads. Positions SCAN REQUIRED.,yes,"20-35 mm wide, 10-20 mm overlap. PROVISIONAL until docs/13 Q15.",tongue-and-groove at every print split. Clearance PROVISIONAL until Q35/Q36.,"PROVISIONAL. Stack is print core + surface prep + laminate + local reinforcement; core wall from Q30, laminate from Q12, infill from Q37.","class-A face up or vertical, never down onto supports; a supported face must be one that ends up inside the car. Overhang limit from Q32.",splits at the centreline and outboard of the bar,"target support-free. Where unavoidable, the supported face is an inner face. Who removes them and what prep the surface then needs: Q33.",15,19,-X,off for exhaust and light access,OURS,C,YELLOW,READY NOW,LOW,"PROPOSED, not approved"
P34,REAR_CENTRE_MASK,REAR,dark centre mask carrying the lettering,our centre mask between the light bar and the diffuser,"rear bumper mounting points and crash structure, exhaust hanger positions","bolts or bonded tabs onto OUR adjacent panel, not onto the donor.",yes,"20-35 mm wide, 10-20 mm overlap. PROVISIONAL until docs/13 Q15.",tongue-and-groove at every print split. Clearance PROVISIONAL until Q35/Q36.,"PROVISIONAL. Stack is print core + surface prep + laminate + local reinforcement; core wall from Q30, laminate from Q12, infill from Q37.","class-A face up or vertical, never down onto supports; a supported face must be one that ends up inside the car. Overhang limit from Q32.",single piece,"target support-free. Where unavoidable, the supported face is an inner face. Who removes them and what prep the surface then needs: Q33.",8,20,-X,off with the fascia,OURS,C,YELLOW,READY NOW,LOW,"PROPOSED, not approved"
P36,PLATE_RECESS,REAR,plate recess and its lamp; legal requirement,"our recess; the plate size is legislated, not donor","rear bumper mounting points and crash structure, exhaust hanger positions","bolts or bonded tabs onto OUR adjacent panel, not onto the donor.",yes,"20-35 mm wide, 10-20 mm overlap. PROVISIONAL until docs/13 Q15.",tongue-and-groove at every print split. Clearance PROVISIONAL until Q35/Q36.,"PROVISIONAL. Stack is print core + surface prep + laminate + local reinforcement; core wall from Q30, laminate from Q12, infill from Q37.","class-A face up or vertical, never down onto supports; a supported face must be one that ends up inside the car. Overhang limit from Q32.",single piece,"target support-free. Where unavoidable, the supported face is an inner face. Who removes them and what prep the surface then needs: Q33.",8,21,-X,lamp must be serviceable,OURS,C,YELLOW,READY NOW,LOW,"PROPOSED, not approved"
P22,DIFFUSER,REAR,"large functional diffuser, few large fins",our diffuser; only its top edge meets the donor floor,"underbody and rear subframe, exhaust routing and silencer position, how low a fin can go before it is the first thing to ground out",bolts through flange into donor threads. Positions SCAN REQUIRED.,yes,"20-35 mm wide, 10-20 mm overlap. PROVISIONAL until docs/13 Q15.",tongue-and-groove at every print split. Clearance PROVISIONAL until Q35/Q36.,"PROVISIONAL. Stack is print core + surface prep + laminate + local reinforcement; core wall from Q30, laminate from Q12, infill from Q37.","class-A face up or vertical, never down onto supports; a supported face must be one that ends up inside the car. Overhang limit from Q32.",splits between fin roots,"target support-free. Where unavoidable, the supported face is an inner face. Who removes them and what prep the surface then needs: Q33.",15,22,-X,first thing to ground out; replaceable alone,OURS,C,RED,READY NOW,MEDIUM,"PROPOSED, not approved"
P35,EXHAUST_SURROUND,REAR,surround for exactly two central tips; sees exhaust heat,our surround around bought tips; sees exhaust heat,"rear bumper mounting points and crash structure, exhaust hanger positions","mechanical only, no adhesive near the heat. SCAN REQUIRED for hanger positions.",yes,"20-35 mm wide, 10-20 mm overlap. PROVISIONAL until docs/13 Q15.",tongue-and-groove at every print split. Clearance PROVISIONAL until Q35/Q36.,"PROVISIONAL. Stack is print core + surface prep + laminate + local reinforcement; core wall from Q30, laminate from Q12, infill from Q37.","class-A face up or vertical, never down onto supports; a supported face must be one that ends up inside the car. Overhang limit from Q32.",single piece,"target support-free. Where unavoidable, the supported face is an inner face. Who removes them and what prep the surface then needs: Q33.",10,23,-X,off with the exhaust,OURS,C,YELLOW,READY NOW,LOW,"PROPOSED, not approved"
P23,REAR_SPOILER,REAR,integrated ducktail lip growing from the deck,our ducktail,the rear deck surface it grows out of — blocked behind REAR_DECK,"bolts or bonded tabs onto OUR adjacent panel, not onto the donor.",yes,"20-35 mm wide, 10-20 mm overlap. PROVISIONAL until docs/13 Q15.",tongue-and-groove at every print split. Clearance PROVISIONAL until Q35/Q36.,"PROVISIONAL. Stack is print core + surface prep + laminate + local reinforcement; core wall from Q30, laminate from Q12, infill from Q37.","class-A face up or vertical, never down onto supports; a supported face must be one that ends up inside the car. Overhang limit from Q32.",splits at the centreline,"target support-free. Where unavoidable, the supported face is an inner face. Who removes them and what prep the surface then needs: Q33.",10,24,-Z,off without disturbing the deck,OURS,C,RED,BLOCKED,HIGH,"PROPOSED, not approved"
P24,HEADLIGHT_HOUSING_L,LIGHTS,housing for a bought E-marked module,housing around a bought E-marked module; the module is fixed,"the front structure the housing bolts to, beam aim check on the real car","bolts or bonded tabs onto OUR adjacent panel, not onto the donor.",yes,"20-35 mm wide, 10-20 mm overlap. PROVISIONAL until docs/13 Q15.",tongue-and-groove at every print split. Clearance PROVISIONAL until Q35/Q36.,"PROVISIONAL. Stack is print core + surface prep + laminate + local reinforcement; core wall from Q30, laminate from Q12, infill from Q37.","class-A face up or vertical, never down onto supports; a supported face must be one that ends up inside the car. Overhang limit from Q32.",single piece,"target support-free. Where unavoidable, the supported face is an inner face. Who removes them and what prep the surface then needs: Q33.",6,25,+X,module replaceable from behind,OURS,C,YELLOW,READY NOW,LOW,"PROPOSED, not approved"
P25,HEADLIGHT_HOUSING_R,LIGHTS,housing for a bought E-marked module,housing around a bought E-marked module; the module is fixed,"the front structure the housing bolts to, beam aim check on the real car","bolts or bonded tabs onto OUR adjacent panel, not onto the donor.",yes,"20-35 mm wide, 10-20 mm overlap. PROVISIONAL until docs/13 Q15.",tongue-and-groove at every print split. Clearance PROVISIONAL until Q35/Q36.,"PROVISIONAL. Stack is print core + surface prep + laminate + local reinforcement; core wall from Q30, laminate from Q12, infill from Q37.","class-A face up or vertical, never down onto supports; a supported face must be one that ends up inside the car. Overhang limit from Q32.",single piece,"target support-free. Where unavoidable, the supported face is an inner face. Who removes them and what prep the surface then needs: Q33.",6,25,+X,module replaceable from behind,OURS,C,YELLOW,READY NOW,LOW,"PROPOSED, not approved"
P26,TAIL_HOUSING_L,LIGHTS,housing for a bought E-marked module,housing around a bought E-marked module; the module is fixed,the rear panel it mounts into — comes with REAR_FASCIA,"bolts or bonded tabs onto OUR adjacent panel, not onto the donor.",yes,"20-35 mm wide, 10-20 mm overlap. PROVISIONAL until docs/13 Q15.",tongue-and-groove at every print split. Clearance PROVISIONAL until Q35/Q36.,"PROVISIONAL. Stack is print core + surface prep + laminate + local reinforcement; core wall from Q30, laminate from Q12, infill from Q37.","class-A face up or vertical, never down onto supports; a supported face must be one that ends up inside the car. Overhang limit from Q32.",single piece,"target support-free. Where unavoidable, the supported face is an inner face. Who removes them and what prep the surface then needs: Q33.",6,26,-X,module replaceable from behind,OURS,C,YELLOW,READY NOW,LOW,"PROPOSED, not approved"
P27,TAIL_HOUSING_R,LIGHTS,housing for a bought E-marked module,housing around a bought E-marked module; the module is fixed,the rear panel it mounts into — comes with REAR_FASCIA,"bolts or bonded tabs onto OUR adjacent panel, not onto the donor.",yes,"20-35 mm wide, 10-20 mm overlap. PROVISIONAL until docs/13 Q15.",tongue-and-groove at every print split. Clearance PROVISIONAL until Q35/Q36.,"PROVISIONAL. Stack is print core + surface prep + laminate + local reinforcement; core wall from Q30, laminate from Q12, infill from Q37.","class-A face up or vertical, never down onto supports; a supported face must be one that ends up inside the car. Overhang limit from Q32.",single piece,"target support-free. Where unavoidable, the supported face is an inner face. Who removes them and what prep the surface then needs: Q33.",6,26,-X,module replaceable from behind,OURS,C,YELLOW,READY NOW,LOW,"PROPOSED, not approved"
