ID,NAME,SIDE,DESIGN_GROUP,ASSEMBLY_STEP,INSTALL_VECTOR,MANUFACTURING_METHOD,MATERIAL,NOMINAL_THICKNESS_MM,PANEL_GAP_MM,FLANGE_WIDTH_MM,OVERLAP_MM,STATUS,LENGTH,WIDTH,HEIGHT,VOLUME,ESTIMATED_MASS,MOUNT_COUNT,PRINT_SPLIT_COUNT,FINISH
P01,FRONT_FASCIA,-,FRONT,3,+X,printed master -> composite,GRP composite,2.5,4.0,20-35,10-20,RED,NEEDS_GEOMETRY,NEEDS_GEOMETRY,NEEDS_GEOMETRY,NEEDS_GEOMETRY,NEEDS_GEOMETRY,NEEDS_GEOMETRY,NEEDS_BUILD_VOLUME,paint
P28,FRONT_SPLITTER_L,L,FRONT,4,+Z,printed master -> composite,GRP composite,2.5,4.0,20-35,10-20,RED,NEEDS_GEOMETRY,NEEDS_GEOMETRY,NEEDS_GEOMETRY,NEEDS_GEOMETRY,NEEDS_GEOMETRY,NEEDS_GEOMETRY,NEEDS_BUILD_VOLUME,carbon
P41,FRONT_SPLITTER_R,R,FRONT,4,+Z,printed master -> composite,GRP composite,2.5,4.0,20-35,10-20,RED,NEEDS_GEOMETRY,NEEDS_GEOMETRY,NEEDS_GEOMETRY,NEEDS_GEOMETRY,NEEDS_GEOMETRY,NEEDS_GEOMETRY,NEEDS_BUILD_VOLUME,carbon
P43,FRONT_MASK,-,FRONT,4,+X,direct print,PETG,2.5,4.0,20-35,10-20,RED,NEEDS_GEOMETRY,NEEDS_GEOMETRY,NEEDS_GEOMETRY,NEEDS_GEOMETRY,NEEDS_GEOMETRY,NEEDS_GEOMETRY,NEEDS_BUILD_VOLUME,gloss black
P54,CORNER_GRILLE_L,L,FRONT,4,+X,direct print,PETG,2.5,4.0,20-35,10-20,RED,NEEDS_GEOMETRY,NEEDS_GEOMETRY,NEEDS_GEOMETRY,NEEDS_GEOMETRY,NEEDS_GEOMETRY,NEEDS_GEOMETRY,NEEDS_BUILD_VOLUME,gloss black
P55,CORNER_GRILLE_R,R,FRONT,4,+X,direct print,PETG,2.5,4.0,20-35,10-20,RED,NEEDS_GEOMETRY,NEEDS_GEOMETRY,NEEDS_GEOMETRY,NEEDS_GEOMETRY,NEEDS_GEOMETRY,NEEDS_GEOMETRY,NEEDS_BUILD_VOLUME,gloss black
P02,HOOD,-,FRONT,5,-Z,printed master -> composite,GRP composite,2.5,4.0,20-35,10-20,YELLOW,NEEDS_GEOMETRY,NEEDS_GEOMETRY,NEEDS_GEOMETRY,NEEDS_GEOMETRY,NEEDS_GEOMETRY,NEEDS_GEOMETRY,NEEDS_BUILD_VOLUME,paint
P03,FRONT_FENDER_L,L,FRONT,5,-Y,printed master -> composite,GRP composite,2.5,4.0,20-35,10-20,YELLOW,NEEDS_GEOMETRY,NEEDS_GEOMETRY,NEEDS_GEOMETRY,NEEDS_GEOMETRY,NEEDS_GEOMETRY,NEEDS_GEOMETRY,NEEDS_BUILD_VOLUME,paint
P04,FRONT_FENDER_R,R,FRONT,5,+Y,printed master -> composite,GRP composite,2.5,4.0,20-35,10-20,YELLOW,NEEDS_GEOMETRY,NEEDS_GEOMETRY,NEEDS_GEOMETRY,NEEDS_GEOMETRY,NEEDS_GEOMETRY,NEEDS_GEOMETRY,NEEDS_BUILD_VOLUME,paint
P05,FENDER_CHANNEL_L,L,FRONT,6,-Y,direct print,PETG,2.5,4.0,20-35,10-20,YELLOW,NEEDS_GEOMETRY,NEEDS_GEOMETRY,NEEDS_GEOMETRY,NEEDS_GEOMETRY,NEEDS_GEOMETRY,NEEDS_GEOMETRY,NEEDS_BUILD_VOLUME,gloss black
P06,FENDER_CHANNEL_R,R,FRONT,6,+Y,direct print,PETG,2.5,4.0,20-35,10-20,YELLOW,NEEDS_GEOMETRY,NEEDS_GEOMETRY,NEEDS_GEOMETRY,NEEDS_GEOMETRY,NEEDS_GEOMETRY,NEEDS_GEOMETRY,NEEDS_BUILD_VOLUME,gloss black
P07,ROCKER_L,L,SIDE,8,-Y,printed master -> composite,GRP composite,2.5,4.0,20-35,10-20,YELLOW,NEEDS_GEOMETRY,NEEDS_GEOMETRY,NEEDS_GEOMETRY,NEEDS_GEOMETRY,NEEDS_GEOMETRY,NEEDS_GEOMETRY,NEEDS_BUILD_VOLUME,carbon
P08,ROCKER_R,R,SIDE,8,+Y,printed master -> composite,GRP composite,2.5,4.0,20-35,10-20,YELLOW,NEEDS_GEOMETRY,NEEDS_GEOMETRY,NEEDS_GEOMETRY,NEEDS_GEOMETRY,NEEDS_GEOMETRY,NEEDS_GEOMETRY,NEEDS_BUILD_VOLUME,carbon
P39,ROCKER_END_L,L,SIDE,8,-Y,printed master -> composite,GRP composite,2.5,4.0,20-35,10-20,YELLOW,NEEDS_GEOMETRY,NEEDS_GEOMETRY,NEEDS_GEOMETRY,NEEDS_GEOMETRY,NEEDS_GEOMETRY,NEEDS_GEOMETRY,NEEDS_BUILD_VOLUME,carbon
P40,ROCKER_END_R,R,SIDE,8,+Y,printed master -> composite,GRP composite,2.5,4.0,20-35,10-20,YELLOW,NEEDS_GEOMETRY,NEEDS_GEOMETRY,NEEDS_GEOMETRY,NEEDS_GEOMETRY,NEEDS_GEOMETRY,NEEDS_GEOMETRY,NEEDS_BUILD_VOLUME,carbon
P09,DOOR_SKIN_L,L,SIDE,9,-Y,printed master -> composite,GRP composite,2.5,4.0,20-35,10-20,YELLOW,NEEDS_GEOMETRY,NEEDS_GEOMETRY,NEEDS_GEOMETRY,NEEDS_GEOMETRY,NEEDS_GEOMETRY,NEEDS_GEOMETRY,NEEDS_BUILD_VOLUME,paint
P10,DOOR_SKIN_R,R,SIDE,9,+Y,printed master -> composite,GRP composite,2.5,4.0,20-35,10-20,YELLOW,NEEDS_GEOMETRY,NEEDS_GEOMETRY,NEEDS_GEOMETRY,NEEDS_GEOMETRY,NEEDS_GEOMETRY,NEEDS_GEOMETRY,NEEDS_BUILD_VOLUME,paint
P37,MIRROR_CAP_L,L,SIDE,10,-Y,"direct print, ASA",ASA,2.5,4.0,20-35,10-20,YELLOW,NEEDS_GEOMETRY,NEEDS_GEOMETRY,NEEDS_GEOMETRY,NEEDS_GEOMETRY,NEEDS_GEOMETRY,NEEDS_GEOMETRY,NEEDS_BUILD_VOLUME,paint
P38,MIRROR_CAP_R,R,SIDE,10,+Y,"direct print, ASA",ASA,2.5,4.0,20-35,10-20,YELLOW,NEEDS_GEOMETRY,NEEDS_GEOMETRY,NEEDS_GEOMETRY,NEEDS_GEOMETRY,NEEDS_GEOMETRY,NEEDS_GEOMETRY,NEEDS_BUILD_VOLUME,paint
P11,SIDE_INTAKE_L,L,SIDE,11,-Y,printed master -> composite,GRP composite,2.5,4.0,20-35,10-20,RED,NEEDS_GEOMETRY,NEEDS_GEOMETRY,NEEDS_GEOMETRY,NEEDS_GEOMETRY,NEEDS_GEOMETRY,NEEDS_GEOMETRY,NEEDS_BUILD_VOLUME,paint
P12,SIDE_INTAKE_R,R,SIDE,11,+Y,printed master -> composite,GRP composite,2.5,4.0,20-35,10-20,RED,NEEDS_GEOMETRY,NEEDS_GEOMETRY,NEEDS_GEOMETRY,NEEDS_GEOMETRY,NEEDS_GEOMETRY,NEEDS_GEOMETRY,NEEDS_BUILD_VOLUME,paint
P31,INTAKE_DUCT_L,L,SIDE,12,-Y,direct print,PETG,2.5,4.0,20-35,10-20,RED,NEEDS_GEOMETRY,NEEDS_GEOMETRY,NEEDS_GEOMETRY,NEEDS_GEOMETRY,NEEDS_GEOMETRY,NEEDS_GEOMETRY,NEEDS_BUILD_VOLUME,hidden
P32,INTAKE_DUCT_R,R,SIDE,12,+Y,direct print,PETG,2.5,4.0,20-35,10-20,RED,NEEDS_GEOMETRY,NEEDS_GEOMETRY,NEEDS_GEOMETRY,NEEDS_GEOMETRY,NEEDS_GEOMETRY,NEEDS_GEOMETRY,NEEDS_BUILD_VOLUME,hidden
P13,INTAKE_BLADE_L,L,SIDE,13,-Y,direct print or CNC,PETG,2.5,4.0,20-35,10-20,RED,NEEDS_GEOMETRY,NEEDS_GEOMETRY,NEEDS_GEOMETRY,NEEDS_GEOMETRY,NEEDS_GEOMETRY,NEEDS_GEOMETRY,NEEDS_BUILD_VOLUME,carbon
P14,INTAKE_BLADE_R,R,SIDE,13,+Y,direct print or CNC,PETG,2.5,4.0,20-35,10-20,RED,NEEDS_GEOMETRY,NEEDS_GEOMETRY,NEEDS_GEOMETRY,NEEDS_GEOMETRY,NEEDS_GEOMETRY,NEEDS_GEOMETRY,NEEDS_BUILD_VOLUME,carbon
P15,REAR_HAUNCH_L,L,REAR,14,-Y,printed master -> composite,GRP composite,2.5,4.0,20-35,10-20,RED,NEEDS_GEOMETRY,NEEDS_GEOMETRY,NEEDS_GEOMETRY,NEEDS_GEOMETRY,NEEDS_GEOMETRY,NEEDS_GEOMETRY,NEEDS_BUILD_VOLUME,paint
P16,REAR_HAUNCH_R,R,REAR,14,+Y,printed master -> composite,GRP composite,2.5,4.0,20-35,10-20,RED,NEEDS_GEOMETRY,NEEDS_GEOMETRY,NEEDS_GEOMETRY,NEEDS_GEOMETRY,NEEDS_GEOMETRY,NEEDS_GEOMETRY,NEEDS_BUILD_VOLUME,paint
P63,SEAT_HUMP_L,L,REAR,16,-Z,printed master -> composite,GRP composite,2.5,4.0,20-35,10-20,RED,NEEDS_GEOMETRY,NEEDS_GEOMETRY,NEEDS_GEOMETRY,NEEDS_GEOMETRY,NEEDS_GEOMETRY,NEEDS_GEOMETRY,NEEDS_BUILD_VOLUME,paint
P64,SEAT_HUMP_R,R,REAR,16,-Z,printed master -> composite,GRP composite,2.5,4.0,20-35,10-20,RED,NEEDS_GEOMETRY,NEEDS_GEOMETRY,NEEDS_GEOMETRY,NEEDS_GEOMETRY,NEEDS_GEOMETRY,NEEDS_GEOMETRY,NEEDS_BUILD_VOLUME,paint
P19,REAR_DECK_L,L,REAR,16,-Z,printed master -> composite,GRP composite,2.5,4.0,20-35,10-20,RED,NEEDS_GEOMETRY,NEEDS_GEOMETRY,NEEDS_GEOMETRY,NEEDS_GEOMETRY,NEEDS_GEOMETRY,NEEDS_GEOMETRY,NEEDS_BUILD_VOLUME,paint
P42,REAR_DECK_R,R,REAR,16,-Z,printed master -> composite,GRP composite,2.5,4.0,20-35,10-20,RED,NEEDS_GEOMETRY,NEEDS_GEOMETRY,NEEDS_GEOMETRY,NEEDS_GEOMETRY,NEEDS_GEOMETRY,NEEDS_GEOMETRY,NEEDS_BUILD_VOLUME,paint
P20,ENGINE_COVER,-,REAR,17,-Z,printed master -> composite,GRP composite,2.5,4.0,20-35,10-20,RED,NEEDS_GEOMETRY,NEEDS_GEOMETRY,NEEDS_GEOMETRY,NEEDS_GEOMETRY,NEEDS_GEOMETRY,NEEDS_GEOMETRY,NEEDS_BUILD_VOLUME,paint
P33,ENGINE_COVER_LOUVRES,-,REAR,18,-Z,direct print,PETG,2.5,4.0,20-35,10-20,RED,NEEDS_GEOMETRY,NEEDS_GEOMETRY,NEEDS_GEOMETRY,NEEDS_GEOMETRY,NEEDS_GEOMETRY,NEEDS_GEOMETRY,NEEDS_BUILD_VOLUME,gloss black
P21,REAR_FASCIA,-,REAR,19,-X,printed master -> composite,GRP composite,2.5,4.0,20-35,10-20,YELLOW,NEEDS_GEOMETRY,NEEDS_GEOMETRY,NEEDS_GEOMETRY,NEEDS_GEOMETRY,NEEDS_GEOMETRY,NEEDS_GEOMETRY,NEEDS_BUILD_VOLUME,paint
P22,DIFFUSER,-,REAR,22,-X,printed master -> composite,GRP composite,2.5,4.0,20-35,10-20,RED,NEEDS_GEOMETRY,NEEDS_GEOMETRY,NEEDS_GEOMETRY,NEEDS_GEOMETRY,NEEDS_GEOMETRY,NEEDS_GEOMETRY,NEEDS_BUILD_VOLUME,carbon
P56,TAIL_VENT_GRILLE_L,L,REAR,20,-X,direct print,PETG,2.5,4.0,20-35,10-20,YELLOW,NEEDS_GEOMETRY,NEEDS_GEOMETRY,NEEDS_GEOMETRY,NEEDS_GEOMETRY,NEEDS_GEOMETRY,NEEDS_GEOMETRY,NEEDS_BUILD_VOLUME,gloss black
P57,TAIL_VENT_GRILLE_R,R,REAR,20,-X,direct print,PETG,2.5,4.0,20-35,10-20,YELLOW,NEEDS_GEOMETRY,NEEDS_GEOMETRY,NEEDS_GEOMETRY,NEEDS_GEOMETRY,NEEDS_GEOMETRY,NEEDS_GEOMETRY,NEEDS_BUILD_VOLUME,gloss black
P44,DIFFUSER_FIN_INNER_L,L,REAR,23,-Z,direct print,PETG,2.5,4.0,20-35,10-20,RED,NEEDS_GEOMETRY,NEEDS_GEOMETRY,NEEDS_GEOMETRY,NEEDS_GEOMETRY,NEEDS_GEOMETRY,NEEDS_GEOMETRY,NEEDS_BUILD_VOLUME,carbon
P45,DIFFUSER_FIN_INNER_R,R,REAR,23,-Z,direct print,PETG,2.5,4.0,20-35,10-20,RED,NEEDS_GEOMETRY,NEEDS_GEOMETRY,NEEDS_GEOMETRY,NEEDS_GEOMETRY,NEEDS_GEOMETRY,NEEDS_GEOMETRY,NEEDS_BUILD_VOLUME,carbon
P46,DIFFUSER_FIN_OUTER_L,L,REAR,23,-Z,direct print,PETG,2.5,4.0,20-35,10-20,RED,NEEDS_GEOMETRY,NEEDS_GEOMETRY,NEEDS_GEOMETRY,NEEDS_GEOMETRY,NEEDS_GEOMETRY,NEEDS_GEOMETRY,NEEDS_BUILD_VOLUME,carbon
P47,DIFFUSER_FIN_OUTER_R,R,REAR,23,-Z,direct print,PETG,2.5,4.0,20-35,10-20,RED,NEEDS_GEOMETRY,NEEDS_GEOMETRY,NEEDS_GEOMETRY,NEEDS_GEOMETRY,NEEDS_GEOMETRY,NEEDS_GEOMETRY,NEEDS_BUILD_VOLUME,carbon
P58,DIFFUSER_FIN_EDGE_L,L,REAR,23,-Z,direct print,PETG,2.5,4.0,20-35,10-20,RED,NEEDS_GEOMETRY,NEEDS_GEOMETRY,NEEDS_GEOMETRY,NEEDS_GEOMETRY,NEEDS_GEOMETRY,NEEDS_GEOMETRY,NEEDS_BUILD_VOLUME,carbon
P59,DIFFUSER_FIN_EDGE_R,R,REAR,23,-Z,direct print,PETG,2.5,4.0,20-35,10-20,RED,NEEDS_GEOMETRY,NEEDS_GEOMETRY,NEEDS_GEOMETRY,NEEDS_GEOMETRY,NEEDS_GEOMETRY,NEEDS_GEOMETRY,NEEDS_BUILD_VOLUME,carbon
P61,SPLITTER_END_L,L,FRONT,4,+X,direct print,PETG,2.5,4.0,20-35,10-20,RED,NEEDS_GEOMETRY,NEEDS_GEOMETRY,NEEDS_GEOMETRY,NEEDS_GEOMETRY,NEEDS_GEOMETRY,NEEDS_GEOMETRY,NEEDS_BUILD_VOLUME,carbon
P62,SPLITTER_END_R,R,FRONT,4,+X,direct print,PETG,2.5,4.0,20-35,10-20,RED,NEEDS_GEOMETRY,NEEDS_GEOMETRY,NEEDS_GEOMETRY,NEEDS_GEOMETRY,NEEDS_GEOMETRY,NEEDS_GEOMETRY,NEEDS_BUILD_VOLUME,carbon
P60,BADGE_REAR,-,REAR,21,-X,direct print,PETG,2.5,4.0,20-35,10-20,YELLOW,NEEDS_GEOMETRY,NEEDS_GEOMETRY,NEEDS_GEOMETRY,NEEDS_GEOMETRY,NEEDS_GEOMETRY,NEEDS_GEOMETRY,NEEDS_BUILD_VOLUME,satin silver
P24,HEADLIGHT_HOUSING_L,L,LIGHTS,25,+X,"direct print, ASA",ASA,2.5,4.0,20-35,10-20,YELLOW,NEEDS_GEOMETRY,NEEDS_GEOMETRY,NEEDS_GEOMETRY,NEEDS_GEOMETRY,NEEDS_GEOMETRY,NEEDS_GEOMETRY,NEEDS_BUILD_VOLUME,gloss black
P65,EYE_BEZEL_IN_L,L,LIGHTS,25,+X,"direct print, ASA",ASA,2.5,4.0,20-35,10-20,YELLOW,NEEDS_GEOMETRY,NEEDS_GEOMETRY,NEEDS_GEOMETRY,NEEDS_GEOMETRY,NEEDS_GEOMETRY,NEEDS_GEOMETRY,NEEDS_BUILD_VOLUME,gloss black
P66,EYE_BEZEL_IN_R,R,LIGHTS,25,+X,"direct print, ASA",ASA,2.5,4.0,20-35,10-20,YELLOW,NEEDS_GEOMETRY,NEEDS_GEOMETRY,NEEDS_GEOMETRY,NEEDS_GEOMETRY,NEEDS_GEOMETRY,NEEDS_GEOMETRY,NEEDS_BUILD_VOLUME,gloss black
P67,EYE_BEZEL_OUT_L,L,LIGHTS,25,+X,"direct print, ASA",ASA,2.5,4.0,20-35,10-20,YELLOW,NEEDS_GEOMETRY,NEEDS_GEOMETRY,NEEDS_GEOMETRY,NEEDS_GEOMETRY,NEEDS_GEOMETRY,NEEDS_GEOMETRY,NEEDS_BUILD_VOLUME,gloss black
P68,EYE_BEZEL_OUT_R,R,LIGHTS,25,+X,"direct print, ASA",ASA,2.5,4.0,20-35,10-20,YELLOW,NEEDS_GEOMETRY,NEEDS_GEOMETRY,NEEDS_GEOMETRY,NEEDS_GEOMETRY,NEEDS_GEOMETRY,NEEDS_GEOMETRY,NEEDS_BUILD_VOLUME,gloss black
P25,HEADLIGHT_HOUSING_R,R,LIGHTS,25,+X,"direct print, ASA",ASA,2.5,4.0,20-35,10-20,YELLOW,NEEDS_GEOMETRY,NEEDS_GEOMETRY,NEEDS_GEOMETRY,NEEDS_GEOMETRY,NEEDS_GEOMETRY,NEEDS_GEOMETRY,NEEDS_BUILD_VOLUME,gloss black
P26,TAIL_HOUSING_L,L,LIGHTS,26,-X,"direct print, ASA",ASA,2.5,4.0,20-35,10-20,YELLOW,NEEDS_GEOMETRY,NEEDS_GEOMETRY,NEEDS_GEOMETRY,NEEDS_GEOMETRY,NEEDS_GEOMETRY,NEEDS_GEOMETRY,NEEDS_BUILD_VOLUME,hidden
P27,TAIL_HOUSING_R,R,LIGHTS,26,-X,"direct print, ASA",ASA,2.5,4.0,20-35,10-20,YELLOW,NEEDS_GEOMETRY,NEEDS_GEOMETRY,NEEDS_GEOMETRY,NEEDS_GEOMETRY,NEEDS_GEOMETRY,NEEDS_GEOMETRY,NEEDS_BUILD_VOLUME,hidden
