PANEL,NAME,SECTION,X_MM,Y_MM,Z_MM,FITS_BED,PIECES_IN_FILE,CLASS_A_UP,DROPPED_MM2,PLACE_RX,PLACE_RY,PLACE_RZ,PLACE_X_MM,PLACE_Y_MM,PLACE_Z_MM,WHAT_IS_MISSING,FILE
P01,FRONT_FASCIA,whole,485.8,1658.5,300.7,yes,1,yes,0,180.0,-90.0,0.0,652.3,-0.0,-0.0,,03_PRINT/production/P01_FRONT_FASCIA_whole.stl
P28,FRONT_SPLITTER_L,whole,295.0,787.2,75.6,yes,1,yes,0,-180.0,-0.0,-0.0,0.0,-0.0,195.6,,03_PRINT/production/P28_FRONT_SPLITTER_L_whole.stl
P41,FRONT_SPLITTER_R,whole,295.0,787.2,75.6,yes,1,yes,0,-180.0,-0.0,-0.0,0.0,-0.0,195.6,,03_PRINT/production/P41_FRONT_SPLITTER_R_whole.stl
P07,ROCKER_L,s01,933.4,207.9,175.5,yes,1,yes,0,-90.0,-0.0,-0.0,0.0,745.5,-0.0,,03_PRINT/production/P07_ROCKER_L_s01.stl
P07,ROCKER_L,s02,913.4,209.9,158.8,yes,1,yes,0,-90.0,-0.0,-0.0,0.0,759.2,-0.0,,03_PRINT/production/P07_ROCKER_L_s02.stl
P08,ROCKER_R,s01,933.4,207.9,175.5,yes,1,yes,0,90.0,-0.0,0.0,0.0,-745.5,-0.0,,03_PRINT/production/P08_ROCKER_R_s01.stl
P08,ROCKER_R,s02,913.4,209.9,158.8,yes,1,yes,0,90.0,-0.0,0.0,0.0,-759.2,-0.0,,03_PRINT/production/P08_ROCKER_R_s02.stl
P39,ROCKER_END_L,whole,216.4,288.3,200.2,yes,1,yes,0,-180.0,-0.0,-0.0,0.0,-0.0,332.9,,03_PRINT/production/P39_ROCKER_END_L_whole.stl
P40,ROCKER_END_R,whole,216.4,288.3,200.2,yes,1,yes,0,-180.0,-0.0,-0.0,0.0,-0.0,332.9,,03_PRINT/production/P40_ROCKER_END_R_whole.stl
P21,REAR_FASCIA,whole,643.4,1779.6,556.5,yes,1,yes,88154,0.0,-90.0,0.0,-2866.5,0.0,-0.0,,03_PRINT/production/P21_REAR_FASCIA_whole.stl
P22,DIFFUSER,whole,529.6,1779.6,208.1,yes,1,yes,0,-180.0,-0.0,-0.0,0.0,-0.0,332.9,,03_PRINT/production/P22_DIFFUSER_whole.stl
P05,FENDER_CHANNEL_L,whole,380.0,154.0,102.8,yes,1,yes,0,-0.0,-0.0,-0.0,0.0,0.0,712.0,,03_PRINT/production/P05_FENDER_CHANNEL_L_whole.stl
P06,FENDER_CHANNEL_R,whole,380.0,154.0,102.8,yes,1,yes,0,-0.0,-0.0,-0.0,0.0,0.0,712.0,,03_PRINT/production/P06_FENDER_CHANNEL_R_whole.stl
P13,INTAKE_BLADE_L,whole,145.0,241.0,42.0,yes,1,yes,0,-90.0,-0.0,-0.0,0.0,858.5,-0.0,,03_PRINT/production/P13_INTAKE_BLADE_L_whole.stl
P14,INTAKE_BLADE_R,whole,145.0,241.0,42.0,yes,1,yes,0,90.0,-0.0,0.0,0.0,-858.5,-0.0,,03_PRINT/production/P14_INTAKE_BLADE_R_whole.stl
P43,FRONT_MASK,whole,210.0,760.0,22.0,yes,1,yes,0,0.0,-90.0,0.0,852.0,0.0,0.0,,03_PRINT/production/P43_FRONT_MASK_whole.stl
P44,DIFFUSER_FIN_INNER_L,whole,400.0,206.0,16.0,yes,1,yes,0,-90.0,-0.0,-0.0,0.0,142.0,-0.0,,03_PRINT/production/P44_DIFFUSER_FIN_INNER_L_whole.stl
P45,DIFFUSER_FIN_INNER_R,whole,400.0,206.0,16.0,yes,1,yes,0,90.0,-0.0,0.0,0.0,-142.0,-0.0,,03_PRINT/production/P45_DIFFUSER_FIN_INNER_R_whole.stl
P46,DIFFUSER_FIN_OUTER_L,whole,300.0,171.6,16.0,yes,1,yes,0,-90.0,-0.0,-0.0,0.0,322.0,-0.0,,03_PRINT/production/P46_DIFFUSER_FIN_OUTER_L_whole.stl
P47,DIFFUSER_FIN_OUTER_R,whole,300.0,171.6,16.0,yes,1,yes,0,90.0,-0.0,0.0,0.0,-322.0,-0.0,,03_PRINT/production/P47_DIFFUSER_FIN_OUTER_R_whole.stl
P24,HEADLIGHT_HOUSING_L,whole,175.0,122.0,122.0,yes,1,yes,0,-180.0,-0.0,-0.0,0.0,-0.0,621.0,,03_PRINT/production/P24_HEADLIGHT_HOUSING_L_whole.stl
P25,HEADLIGHT_HOUSING_R,whole,175.0,122.0,122.0,yes,1,yes,0,90.0,-0.0,0.0,0.0,-584.0,-0.0,,03_PRINT/production/P25_HEADLIGHT_HOUSING_R_whole.stl
P31,INTAKE_DUCT_L,whole,310.0,692.1,270.0,yes,1,yes,0,-0.0,-0.0,-0.0,0.0,0.0,430.0,,03_PRINT/production/P31_INTAKE_DUCT_L_whole.stl
P32,INTAKE_DUCT_R,whole,310.0,692.1,270.0,yes,1,yes,0,-0.0,-0.0,-0.0,0.0,0.0,430.0,,03_PRINT/production/P32_INTAKE_DUCT_R_whole.stl
P26,TAIL_HOUSING_L,whole,184.5,731.0,60.0,yes,1,yes,0,-0.0,-0.0,-0.0,0.0,0.0,582.0,,03_PRINT/production/P26_TAIL_HOUSING_L_whole.stl
P27,TAIL_HOUSING_R,whole,184.5,731.0,60.0,yes,1,yes,0,-0.0,-0.0,-0.0,0.0,0.0,582.0,,03_PRINT/production/P27_TAIL_HOUSING_R_whole.stl
