PART,NAME,SIDE,GROUP,ASSEMBLY_STEP,INSTALL_VECTOR,METHOD,STATUS,OFFER,LENGTH_MM,WIDTH_MM,HEIGHT_MM,SKIN_AREA_M2,PIECES,CORE_WALL_MM,CORE_VOLUME_CM3,CORE_MASS_KG,CORE_MASS_BASIS,INFILL,PRINT_MATERIAL,SPLIT,SPLIT_INTENT,PRINT_ORIENTATION,FLANGE_WIDTH,PANEL_GAP,EXOTHERM,DONOR_INTERFACE,SCAN_DEPENDENCY,BOUNDARY_DONOR_DEPENDENT,BOUNDED_BY,TRIM_ALLOWANCE,PROOF,STL
P05,FENDER_CHANNEL_L,L,FRONT,6,-Y,direct print,PROCEED,quote this now,380.0,154.0,103.0,0.321,1,PROVISIONAL 3.0 — Q30: minimum printed wall for a laminating core,962.9,1.19,PROVISIONAL: 3.0 mm wall x 1.24 g/cm3. Neither is a quote.,UNKNOWN Q37: infill pattern and density for a core that will be laminated,UNKNOWN Q29: print material the shop will accept under its resin,"UNKNOWN Q26: usable build volume, not the catalogue figure",single piece on any machine,UNKNOWN Q32: maximum unsupported overhang,UNKNOWN Q15: bonding flange width,UNKNOWN Q16: panel gap the shop works to,UNKNOWN Q28: resin exotherm against the print's heat deflection temperature,"fender mounting points, wheelhouse liner and its clearance, steering lock envelope — the kingpin axis is unknown, so the swept volume is a worst case",datum only,,,PROVISIONAL 15 mm,only our own data and published donor values reach it,03_PRINT/production/P05_FENDER_CHANNEL_L_whole.stl
P06,FENDER_CHANNEL_R,R,FRONT,6,+Y,direct print,PROCEED,quote this now,380.0,154.0,103.0,0.321,1,PROVISIONAL 3.0 — Q30: minimum printed wall for a laminating core,962.9,1.19,PROVISIONAL: 3.0 mm wall x 1.24 g/cm3. Neither is a quote.,UNKNOWN Q37: infill pattern and density for a core that will be laminated,UNKNOWN Q29: print material the shop will accept under its resin,"UNKNOWN Q26: usable build volume, not the catalogue figure",single piece on any machine,UNKNOWN Q32: maximum unsupported overhang,UNKNOWN Q15: bonding flange width,UNKNOWN Q16: panel gap the shop works to,UNKNOWN Q28: resin exotherm against the print's heat deflection temperature,"fender mounting points, wheelhouse liner and its clearance, steering lock envelope — the kingpin axis is unknown, so the swept volume is a worst case",datum only,,,PROVISIONAL 15 mm,only our own data and published donor values reach it,03_PRINT/production/P06_FENDER_CHANNEL_R_whole.stl
P07,ROCKER_L,L,SIDE,8,-Y,printed master -> composite,PROCEED,quote this now,1807.5,135.1,206.1,0.413,1,PROVISIONAL 3.0 — Q30: minimum printed wall for a laminating core,1238.8,1.54,PROVISIONAL: 3.0 mm wall x 1.24 g/cm3. Neither is a quote.,UNKNOWN Q37: infill pattern and density for a core that will be laminated,UNKNOWN Q29: print material the shop will accept under its resin,"UNKNOWN Q26: usable build volume, not the catalogue figure",splits at the door shut line,UNKNOWN Q32: maximum unsupported overhang,UNKNOWN Q15: bonding flange width,UNKNOWN Q16: panel gap the shop works to,UNKNOWN Q28: resin exotherm against the print's heat deflection temperature,"sill profile and where a bonded flange can land, jack point access after the panel is on",datum only,no,,PROVISIONAL 15 mm,"measured: no approx donor value moves its boundary, and the cabin cut -- the only thing cowl_x and hoop_x reshape -- does not reach it",03_PRINT/pilot_P07/P07_ROCKER_L_core_PROVISIONAL.stl
P08,ROCKER_R,R,SIDE,8,+Y,printed master -> composite,PROCEED,quote this now,1807.5,135.1,206.1,0.413,1,PROVISIONAL 3.0 — Q30: minimum printed wall for a laminating core,1238.8,1.54,PROVISIONAL: 3.0 mm wall x 1.24 g/cm3. Neither is a quote.,UNKNOWN Q37: infill pattern and density for a core that will be laminated,UNKNOWN Q29: print material the shop will accept under its resin,"UNKNOWN Q26: usable build volume, not the catalogue figure",splits at the door shut line,UNKNOWN Q32: maximum unsupported overhang,UNKNOWN Q15: bonding flange width,UNKNOWN Q16: panel gap the shop works to,UNKNOWN Q28: resin exotherm against the print's heat deflection temperature,"sill profile and where a bonded flange can land, jack point access after the panel is on",datum only,no,,PROVISIONAL 15 mm,"measured: no approx donor value moves its boundary, and the cabin cut -- the only thing cowl_x and hoop_x reshape -- does not reach it",03_PRINT/pilot_P08/P08_ROCKER_R_core_PROVISIONAL.stl
P13,INTAKE_BLADE_L,L,SIDE,13,-Y,direct print or CNC,PROCEED,quote this now,165.0,16.0,340.0,0.053,1,PROVISIONAL 3.0 — Q30: minimum printed wall for a laminating core,160.3,0.2,PROVISIONAL: 3.0 mm wall x 1.24 g/cm3. Neither is a quote.,UNKNOWN Q37: infill pattern and density for a core that will be laminated,UNKNOWN Q29: print material the shop will accept under its resin,"UNKNOWN Q26: usable build volume, not the catalogue figure",single piece,UNKNOWN Q32: maximum unsupported overhang,UNKNOWN Q15: bonding flange width,UNKNOWN Q16: panel gap the shop works to,UNKNOWN Q28: resin exotherm against the print's heat deflection temperature,"the real opening's shape, not just its X, duct route from the opening to the plenum, what is behind the opening on this particular car",datum only,,,PROVISIONAL 15 mm,only our own data and published donor values reach it,03_PRINT/production/P13_INTAKE_BLADE_L_whole.stl
P14,INTAKE_BLADE_R,R,SIDE,13,+Y,direct print or CNC,PROCEED,quote this now,165.0,16.0,340.0,0.053,1,PROVISIONAL 3.0 — Q30: minimum printed wall for a laminating core,160.3,0.2,PROVISIONAL: 3.0 mm wall x 1.24 g/cm3. Neither is a quote.,UNKNOWN Q37: infill pattern and density for a core that will be laminated,UNKNOWN Q29: print material the shop will accept under its resin,"UNKNOWN Q26: usable build volume, not the catalogue figure",single piece,UNKNOWN Q32: maximum unsupported overhang,UNKNOWN Q15: bonding flange width,UNKNOWN Q16: panel gap the shop works to,UNKNOWN Q28: resin exotherm against the print's heat deflection temperature,"the real opening's shape, not just its X, duct route from the opening to the plenum, what is behind the opening on this particular car",datum only,,,PROVISIONAL 15 mm,only our own data and published donor values reach it,03_PRINT/production/P14_INTAKE_BLADE_R_whole.stl
P24,HEADLIGHT_HOUSING_L,L,LIGHTS,25,+X,"direct print, ASA",PROCEED,quote this now,172.0,122.0,122.0,0.184,1,PROVISIONAL 3.0 — Q30: minimum printed wall for a laminating core,551.7,0.68,PROVISIONAL: 3.0 mm wall x 1.24 g/cm3. Neither is a quote.,UNKNOWN Q37: infill pattern and density for a core that will be laminated,UNKNOWN Q29: print material the shop will accept under its resin,"UNKNOWN Q26: usable build volume, not the catalogue figure",single piece,UNKNOWN Q32: maximum unsupported overhang,UNKNOWN Q15: bonding flange width,UNKNOWN Q16: panel gap the shop works to,UNKNOWN Q28: resin exotherm against the print's heat deflection temperature,"the front structure the housing bolts to, beam aim check on the real car",datum only,,,PROVISIONAL 15 mm,only our own data and published donor values reach it,03_PRINT/production/P24_HEADLIGHT_HOUSING_L_whole.stl
P25,HEADLIGHT_HOUSING_R,R,LIGHTS,25,+X,"direct print, ASA",PROCEED,quote this now,172.0,122.0,122.0,0.184,1,PROVISIONAL 3.0 — Q30: minimum printed wall for a laminating core,552.0,0.68,PROVISIONAL: 3.0 mm wall x 1.24 g/cm3. Neither is a quote.,UNKNOWN Q37: infill pattern and density for a core that will be laminated,UNKNOWN Q29: print material the shop will accept under its resin,"UNKNOWN Q26: usable build volume, not the catalogue figure",single piece,UNKNOWN Q32: maximum unsupported overhang,UNKNOWN Q15: bonding flange width,UNKNOWN Q16: panel gap the shop works to,UNKNOWN Q28: resin exotherm against the print's heat deflection temperature,"the front structure the housing bolts to, beam aim check on the real car",datum only,,,PROVISIONAL 15 mm,only our own data and published donor values reach it,03_PRINT/production/P25_HEADLIGHT_HOUSING_R_whole.stl
P39,ROCKER_END_L,L,SIDE,8,-Y,printed master -> composite,PROCEED,quote this now,153.8,292.7,202.5,0.038,1,PROVISIONAL 3.0 — Q30: minimum printed wall for a laminating core,115.4,0.14,PROVISIONAL: 3.0 mm wall x 1.24 g/cm3. Neither is a quote.,UNKNOWN Q37: infill pattern and density for a core that will be laminated,UNKNOWN Q29: print material the shop will accept under its resin,"UNKNOWN Q26: usable build volume, not the catalogue figure",single piece at 264 mm long on any plausible machine,UNKNOWN Q32: maximum unsupported overhang,UNKNOWN Q15: bonding flange width,UNKNOWN Q16: panel gap the shop works to,UNKNOWN Q28: resin exotherm against the print's heat deflection temperature,"sill profile and where a bonded flange can land, jack point access after the panel is on",datum only,no,,PROVISIONAL 15 mm,"measured: no approx donor value moves its boundary, and the cabin cut -- the only thing cowl_x and hoop_x reshape -- does not reach it",03_PRINT/production/P39_ROCKER_END_L_whole.stl
P40,ROCKER_END_R,R,SIDE,8,+Y,printed master -> composite,PROCEED,quote this now,153.8,292.7,202.5,0.038,1,PROVISIONAL 3.0 — Q30: minimum printed wall for a laminating core,115.4,0.14,PROVISIONAL: 3.0 mm wall x 1.24 g/cm3. Neither is a quote.,UNKNOWN Q37: infill pattern and density for a core that will be laminated,UNKNOWN Q29: print material the shop will accept under its resin,"UNKNOWN Q26: usable build volume, not the catalogue figure",single piece at 264 mm long on any plausible machine,UNKNOWN Q32: maximum unsupported overhang,UNKNOWN Q15: bonding flange width,UNKNOWN Q16: panel gap the shop works to,UNKNOWN Q28: resin exotherm against the print's heat deflection temperature,"sill profile and where a bonded flange can land, jack point access after the panel is on",datum only,no,,PROVISIONAL 15 mm,"measured: no approx donor value moves its boundary, and the cabin cut -- the only thing cowl_x and hoop_x reshape -- does not reach it",03_PRINT/production/P40_ROCKER_END_R_whole.stl
P67,EYE_BEZEL_OUT_L,L,LIGHTS,25,+X,"direct print, ASA",PROCEED,quote this now,275.8,208.7,133.0,0.054,1,PROVISIONAL 3.0 — Q30: minimum printed wall for a laminating core,162.0,0.2,PROVISIONAL: 3.0 mm wall x 1.24 g/cm3. Neither is a quote.,UNKNOWN Q37: infill pattern and density for a core that will be laminated,UNKNOWN Q29: print material the shop will accept under its resin,"UNKNOWN Q26: usable build volume, not the catalogue figure",single piece,UNKNOWN Q32: maximum unsupported overhang,UNKNOWN Q15: bonding flange width,UNKNOWN Q16: panel gap the shop works to,UNKNOWN Q28: resin exotherm against the print's heat deflection temperature,"the front structure the housing bolts to, beam aim check on the real car",datum only,,,PROVISIONAL 15 mm,only our own data and published donor values reach it,03_PRINT/production/P67_EYE_BEZEL_OUT_L_whole.stl
P68,EYE_BEZEL_OUT_R,R,LIGHTS,25,+X,"direct print, ASA",PROCEED,quote this now,276.8,208.6,133.0,0.054,1,PROVISIONAL 3.0 — Q30: minimum printed wall for a laminating core,163.4,0.2,PROVISIONAL: 3.0 mm wall x 1.24 g/cm3. Neither is a quote.,UNKNOWN Q37: infill pattern and density for a core that will be laminated,UNKNOWN Q29: print material the shop will accept under its resin,"UNKNOWN Q26: usable build volume, not the catalogue figure",single piece,UNKNOWN Q32: maximum unsupported overhang,UNKNOWN Q15: bonding flange width,UNKNOWN Q16: panel gap the shop works to,UNKNOWN Q28: resin exotherm against the print's heat deflection temperature,"the front structure the housing bolts to, beam aim check on the real car",datum only,,,PROVISIONAL 15 mm,only our own data and published donor values reach it,03_PRINT/production/P68_EYE_BEZEL_OUT_R_whole.stl
P01,FRONT_FASCIA,-,FRONT,3,+X,printed master -> composite,CONDITIONAL,do not quote yet: docs/13 supplier answers only,295.0,1659.2,483.0,0.726,1,PROVISIONAL 3.0 — Q30: minimum printed wall for a laminating core,2179.1,2.7,PROVISIONAL: 3.0 mm wall x 1.24 g/cm3. Neither is a quote.,UNKNOWN Q37: infill pattern and density for a core that will be laminated,UNKNOWN Q29: print material the shop will accept under its resin,"UNKNOWN Q26: usable build volume, not the catalogue figure",splits at the centreline and behind the light blade,UNKNOWN Q32: maximum unsupported overhang,UNKNOWN Q15: bonding flange width,UNKNOWN Q16: panel gap the shop works to,UNKNOWN Q28: resin exotherm against the print's heat deflection temperature,"crash beam position and its brackets — the STATEV nose sits 57 mm behind the OEM bumper face, bumper and fender mounting points, radiator position and the space in front of it",boundary position only,no,,PROVISIONAL 15 mm,"front crash structure: the impact absorbers and the bumper beam sit here (P1, Group 5 p. 5-11); how deep this panel's openings may go waits on the beam's real place",03_PRINT/production/P01_FRONT_FASCIA_whole.stl
P02,HOOD,-,FRONT,5,-Z,printed master -> composite,CONDITIONAL,do not quote yet: docs/13 supplier answers only,1075.0,760.0,287.5,0.861,1,PROVISIONAL 3.0 — Q30: minimum printed wall for a laminating core,2581.8,3.2,PROVISIONAL: 3.0 mm wall x 1.24 g/cm3. Neither is a quote.,UNKNOWN Q37: infill pattern and density for a core that will be laminated,UNKNOWN Q29: print material the shop will accept under its resin,"UNKNOWN Q26: usable build volume, not the catalogue figure","splits across, behind the vents",UNKNOWN Q32: maximum unsupported overhang,UNKNOWN Q15: bonding flange width,UNKNOWN Q16: panel gap the shop works to,UNKNOWN Q28: resin exotherm against the print's heat deflection temperature,"hinge positions and swing arc, frunk aperture and its flange, washer bottle / latch",boundary position only,yes,cowl_x,"PROVISIONAL 15 mm, and measured insufficient where BOUNDED_BY is set: the seam travels 15-30 mm with the estimate",measured: boundary moves with cowl_x,none yet
P03,FRONT_FENDER_L,L,FRONT,5,-Y,printed master -> composite,CONDITIONAL,do not quote yet: docs/13 supplier answers only,1095.0,812.0,812.2,0.856,1,PROVISIONAL 3.0 — Q30: minimum printed wall for a laminating core,2567.6,3.18,PROVISIONAL: 3.0 mm wall x 1.24 g/cm3. Neither is a quote.,UNKNOWN Q37: infill pattern and density for a core that will be laminated,UNKNOWN Q29: print material the shop will accept under its resin,"UNKNOWN Q26: usable build volume, not the catalogue figure",splits at the arch crown,UNKNOWN Q32: maximum unsupported overhang,UNKNOWN Q15: bonding flange width,UNKNOWN Q16: panel gap the shop works to,UNKNOWN Q28: resin exotherm against the print's heat deflection temperature,"fender mounting points, wheelhouse liner and its clearance, steering lock envelope — the kingpin axis is unknown, so the swept volume is a worst case",boundary position only,yes,cowl_x;door_front_x,"PROVISIONAL 15 mm, and measured insufficient where BOUNDED_BY is set: the seam travels 15-30 mm with the estimate","measured: boundary moves with cowl_x, door_front_x",none yet
P04,FRONT_FENDER_R,R,FRONT,5,+Y,printed master -> composite,CONDITIONAL,do not quote yet: docs/13 supplier answers only,1095.0,812.0,812.2,0.856,1,PROVISIONAL 3.0 — Q30: minimum printed wall for a laminating core,2567.6,3.18,PROVISIONAL: 3.0 mm wall x 1.24 g/cm3. Neither is a quote.,UNKNOWN Q37: infill pattern and density for a core that will be laminated,UNKNOWN Q29: print material the shop will accept under its resin,"UNKNOWN Q26: usable build volume, not the catalogue figure",splits at the arch crown,UNKNOWN Q32: maximum unsupported overhang,UNKNOWN Q15: bonding flange width,UNKNOWN Q16: panel gap the shop works to,UNKNOWN Q28: resin exotherm against the print's heat deflection temperature,"fender mounting points, wheelhouse liner and its clearance, steering lock envelope — the kingpin axis is unknown, so the swept volume is a worst case",boundary position only,yes,cowl_x;door_front_x,"PROVISIONAL 15 mm, and measured insufficient where BOUNDED_BY is set: the seam travels 15-30 mm with the estimate","measured: boundary moves with cowl_x, door_front_x",none yet
P21,REAR_FASCIA,-,REAR,19,-X,printed master -> composite,CONDITIONAL,do not quote yet: docs/13 supplier answers only,420.0,1767.1,587.2,1.207,1,PROVISIONAL 3.0 — Q30: minimum printed wall for a laminating core,3620.2,4.49,PROVISIONAL: 3.0 mm wall x 1.24 g/cm3. Neither is a quote.,UNKNOWN Q37: infill pattern and density for a core that will be laminated,UNKNOWN Q29: print material the shop will accept under its resin,"UNKNOWN Q26: usable build volume, not the catalogue figure",splits at the centreline and outboard of the bar,UNKNOWN Q32: maximum unsupported overhang,UNKNOWN Q15: bonding flange width,UNKNOWN Q16: panel gap the shop works to,UNKNOWN Q28: resin exotherm against the print's heat deflection temperature,"rear bumper mounting points and crash structure, exhaust hanger positions",boundary position only,no,,PROVISIONAL 15 mm,"rear crash structure: the rear impact absorbers and beam sit here (P20, Group 5 p. 5-13) at a height nobody has measured; this panel's openings reach into that span",03_PRINT/production/P21_REAR_FASCIA_whole.stl
P22,DIFFUSER,-,REAR,22,-X,printed master -> composite,CONDITIONAL,do not quote yet: docs/13 supplier answers only,553.3,1779.6,375.2,1.274,1,PROVISIONAL 3.0 — Q30: minimum printed wall for a laminating core,3821.9,4.74,PROVISIONAL: 3.0 mm wall x 1.24 g/cm3. Neither is a quote.,UNKNOWN Q37: infill pattern and density for a core that will be laminated,UNKNOWN Q29: print material the shop will accept under its resin,"UNKNOWN Q26: usable build volume, not the catalogue figure",splits between fin roots,UNKNOWN Q32: maximum unsupported overhang,UNKNOWN Q15: bonding flange width,UNKNOWN Q16: panel gap the shop works to,UNKNOWN Q28: resin exotherm against the print's heat deflection temperature,"underbody and rear subframe, exhaust routing and silencer position, how low a fin can go before it is the first thing to ground out",boundary position only,no,,PROVISIONAL 15 mm,"rear crash structure: the rear impact absorbers and beam sit here (P20, Group 5 p. 5-13) at a height nobody has measured; this panel's openings reach into that span",03_PRINT/production/P22_DIFFUSER_whole.stl
P26,TAIL_HOUSING_L,L,LIGHTS,26,-X,"direct print, ASA",CONDITIONAL,do not quote yet: docs/13 supplier answers only,184.5,731.0,60.0,0.312,1,PROVISIONAL 3.0 — Q30: minimum printed wall for a laminating core,936.7,1.16,PROVISIONAL: 3.0 mm wall x 1.24 g/cm3. Neither is a quote.,UNKNOWN Q37: infill pattern and density for a core that will be laminated,UNKNOWN Q29: print material the shop will accept under its resin,"UNKNOWN Q26: usable build volume, not the catalogue figure",single piece,UNKNOWN Q32: maximum unsupported overhang,UNKNOWN Q15: bonding flange width,UNKNOWN Q16: panel gap the shop works to,UNKNOWN Q28: resin exotherm against the print's heat deflection temperature,the rear panel it mounts into — comes with REAR_FASCIA,boundary position only,,,PROVISIONAL 15 mm,"rear crash structure: the rear impact absorbers and beam sit here (P20, Group 5 p. 5-13) at a height nobody has measured; this panel's openings reach into that span",03_PRINT/production/P26_TAIL_HOUSING_L_whole.stl
P27,TAIL_HOUSING_R,R,LIGHTS,26,-X,"direct print, ASA",CONDITIONAL,do not quote yet: docs/13 supplier answers only,184.5,731.0,60.0,0.313,1,PROVISIONAL 3.0 — Q30: minimum printed wall for a laminating core,937.6,1.16,PROVISIONAL: 3.0 mm wall x 1.24 g/cm3. Neither is a quote.,UNKNOWN Q37: infill pattern and density for a core that will be laminated,UNKNOWN Q29: print material the shop will accept under its resin,"UNKNOWN Q26: usable build volume, not the catalogue figure",single piece,UNKNOWN Q32: maximum unsupported overhang,UNKNOWN Q15: bonding flange width,UNKNOWN Q16: panel gap the shop works to,UNKNOWN Q28: resin exotherm against the print's heat deflection temperature,the rear panel it mounts into — comes with REAR_FASCIA,boundary position only,,,PROVISIONAL 15 mm,"rear crash structure: the rear impact absorbers and beam sit here (P20, Group 5 p. 5-13) at a height nobody has measured; this panel's openings reach into that span",03_PRINT/production/P27_TAIL_HOUSING_R_whole.stl
P28,FRONT_SPLITTER_L,L,FRONT,4,+Z,printed master -> composite,CONDITIONAL,do not quote yet: docs/13 supplier answers only,295.0,787.4,74.0,0.045,1,PROVISIONAL 3.0 — Q30: minimum printed wall for a laminating core,136.0,0.17,PROVISIONAL: 3.0 mm wall x 1.24 g/cm3. Neither is a quote.,UNKNOWN Q37: infill pattern and density for a core that will be laminated,UNKNOWN Q29: print material the shop will accept under its resin,"UNKNOWN Q26: usable build volume, not the catalogue figure",no centreline split needed: the nose mouth already ends it at the centre,UNKNOWN Q32: maximum unsupported overhang,UNKNOWN Q15: bonding flange width,UNKNOWN Q16: panel gap the shop works to,UNKNOWN Q28: resin exotherm against the print's heat deflection temperature,"crash beam position and its brackets — the STATEV nose sits 57 mm behind the OEM bumper face, bumper and fender mounting points, radiator position and the space in front of it",boundary position only,no,,PROVISIONAL 15 mm,"front crash structure: the impact absorbers and the bumper beam sit here (P1, Group 5 p. 5-11); how deep this panel's openings may go waits on the beam's real place",03_PRINT/production/P28_FRONT_SPLITTER_L_whole.stl
P41,FRONT_SPLITTER_R,R,FRONT,4,+Z,printed master -> composite,CONDITIONAL,do not quote yet: docs/13 supplier answers only,295.0,787.4,74.0,0.045,1,PROVISIONAL 3.0 — Q30: minimum printed wall for a laminating core,136.0,0.17,PROVISIONAL: 3.0 mm wall x 1.24 g/cm3. Neither is a quote.,UNKNOWN Q37: infill pattern and density for a core that will be laminated,UNKNOWN Q29: print material the shop will accept under its resin,"UNKNOWN Q26: usable build volume, not the catalogue figure",no centreline split needed: the nose mouth already ends it at the centre,UNKNOWN Q32: maximum unsupported overhang,UNKNOWN Q15: bonding flange width,UNKNOWN Q16: panel gap the shop works to,UNKNOWN Q28: resin exotherm against the print's heat deflection temperature,"crash beam position and its brackets — the STATEV nose sits 57 mm behind the OEM bumper face, bumper and fender mounting points, radiator position and the space in front of it",boundary position only,no,,PROVISIONAL 15 mm,"front crash structure: the impact absorbers and the bumper beam sit here (P1, Group 5 p. 5-11); how deep this panel's openings may go waits on the beam's real place",03_PRINT/production/P41_FRONT_SPLITTER_R_whole.stl
P43,FRONT_MASK,-,FRONT,4,+X,direct print,CONDITIONAL,do not quote yet: docs/13 supplier answers only,22.0,760.0,210.0,0.301,1,PROVISIONAL 3.0 — Q30: minimum printed wall for a laminating core,902.2,1.12,PROVISIONAL: 3.0 mm wall x 1.24 g/cm3. Neither is a quote.,UNKNOWN Q37: infill pattern and density for a core that will be laminated,UNKNOWN Q29: print material the shop will accept under its resin,"UNKNOWN Q26: usable build volume, not the catalogue figure",single piece,UNKNOWN Q32: maximum unsupported overhang,UNKNOWN Q15: bonding flange width,UNKNOWN Q16: panel gap the shop works to,UNKNOWN Q28: resin exotherm against the print's heat deflection temperature,"crash beam position and its brackets — the STATEV nose sits 57 mm behind the OEM bumper face, bumper and fender mounting points, radiator position and the space in front of it",boundary position only,,,PROVISIONAL 15 mm,"front crash structure: the impact absorbers and the bumper beam sit here (P1, Group 5 p. 5-11); how deep this panel's openings may go waits on the beam's real place",03_PRINT/production/P43_FRONT_MASK_whole.stl
P44,DIFFUSER_FIN_INNER_L,L,REAR,23,-Z,direct print,CONDITIONAL,do not quote yet: docs/13 supplier answers only,400.0,16.0,206.0,0.098,1,PROVISIONAL 3.0 — Q30: minimum printed wall for a laminating core,295.0,0.37,PROVISIONAL: 3.0 mm wall x 1.24 g/cm3. Neither is a quote.,UNKNOWN Q37: infill pattern and density for a core that will be laminated,UNKNOWN Q29: print material the shop will accept under its resin,"UNKNOWN Q26: usable build volume, not the catalogue figure",single piece,UNKNOWN Q32: maximum unsupported overhang,UNKNOWN Q15: bonding flange width,UNKNOWN Q16: panel gap the shop works to,UNKNOWN Q28: resin exotherm against the print's heat deflection temperature,"underbody and rear subframe, exhaust routing and silencer position, how low a fin can go before it is the first thing to ground out",boundary position only,,,PROVISIONAL 15 mm,"rear crash structure: the rear impact absorbers and beam sit here (P20, Group 5 p. 5-13) at a height nobody has measured; this panel's openings reach into that span",03_PRINT/production/P44_DIFFUSER_FIN_INNER_L_whole.stl
P45,DIFFUSER_FIN_INNER_R,R,REAR,23,-Z,direct print,CONDITIONAL,do not quote yet: docs/13 supplier answers only,400.0,16.0,206.0,0.098,1,PROVISIONAL 3.0 — Q30: minimum printed wall for a laminating core,295.0,0.37,PROVISIONAL: 3.0 mm wall x 1.24 g/cm3. Neither is a quote.,UNKNOWN Q37: infill pattern and density for a core that will be laminated,UNKNOWN Q29: print material the shop will accept under its resin,"UNKNOWN Q26: usable build volume, not the catalogue figure",single piece,UNKNOWN Q32: maximum unsupported overhang,UNKNOWN Q15: bonding flange width,UNKNOWN Q16: panel gap the shop works to,UNKNOWN Q28: resin exotherm against the print's heat deflection temperature,"underbody and rear subframe, exhaust routing and silencer position, how low a fin can go before it is the first thing to ground out",boundary position only,,,PROVISIONAL 15 mm,"rear crash structure: the rear impact absorbers and beam sit here (P20, Group 5 p. 5-13) at a height nobody has measured; this panel's openings reach into that span",03_PRINT/production/P45_DIFFUSER_FIN_INNER_R_whole.stl
P46,DIFFUSER_FIN_OUTER_L,L,REAR,23,-Z,direct print,CONDITIONAL,do not quote yet: docs/13 supplier answers only,300.0,16.0,171.6,0.065,1,PROVISIONAL 3.0 — Q30: minimum printed wall for a laminating core,194.0,0.24,PROVISIONAL: 3.0 mm wall x 1.24 g/cm3. Neither is a quote.,UNKNOWN Q37: infill pattern and density for a core that will be laminated,UNKNOWN Q29: print material the shop will accept under its resin,"UNKNOWN Q26: usable build volume, not the catalogue figure",single piece,UNKNOWN Q32: maximum unsupported overhang,UNKNOWN Q15: bonding flange width,UNKNOWN Q16: panel gap the shop works to,UNKNOWN Q28: resin exotherm against the print's heat deflection temperature,"underbody and rear subframe, exhaust routing and silencer position, how low a fin can go before it is the first thing to ground out",boundary position only,,,PROVISIONAL 15 mm,"rear crash structure: the rear impact absorbers and beam sit here (P20, Group 5 p. 5-13) at a height nobody has measured; this panel's openings reach into that span",03_PRINT/production/P46_DIFFUSER_FIN_OUTER_L_whole.stl
P47,DIFFUSER_FIN_OUTER_R,R,REAR,23,-Z,direct print,CONDITIONAL,do not quote yet: docs/13 supplier answers only,300.0,16.0,171.6,0.065,1,PROVISIONAL 3.0 — Q30: minimum printed wall for a laminating core,194.0,0.24,PROVISIONAL: 3.0 mm wall x 1.24 g/cm3. Neither is a quote.,UNKNOWN Q37: infill pattern and density for a core that will be laminated,UNKNOWN Q29: print material the shop will accept under its resin,"UNKNOWN Q26: usable build volume, not the catalogue figure",single piece,UNKNOWN Q32: maximum unsupported overhang,UNKNOWN Q15: bonding flange width,UNKNOWN Q16: panel gap the shop works to,UNKNOWN Q28: resin exotherm against the print's heat deflection temperature,"underbody and rear subframe, exhaust routing and silencer position, how low a fin can go before it is the first thing to ground out",boundary position only,,,PROVISIONAL 15 mm,"rear crash structure: the rear impact absorbers and beam sit here (P20, Group 5 p. 5-13) at a height nobody has measured; this panel's openings reach into that span",03_PRINT/production/P47_DIFFUSER_FIN_OUTER_R_whole.stl
P54,CORNER_GRILLE_L,L,FRONT,4,+X,direct print,CONDITIONAL,do not quote yet: docs/13 supplier answers only,147.2,303.2,226.0,0.077,1,PROVISIONAL 3.0 — Q30: minimum printed wall for a laminating core,232.3,0.29,PROVISIONAL: 3.0 mm wall x 1.24 g/cm3. Neither is a quote.,UNKNOWN Q37: infill pattern and density for a core that will be laminated,UNKNOWN Q29: print material the shop will accept under its resin,"UNKNOWN Q26: usable build volume, not the catalogue figure",single flat piece,UNKNOWN Q32: maximum unsupported overhang,UNKNOWN Q15: bonding flange width,UNKNOWN Q16: panel gap the shop works to,UNKNOWN Q28: resin exotherm against the print's heat deflection temperature,"crash beam position and its brackets — the STATEV nose sits 57 mm behind the OEM bumper face, bumper and fender mounting points, radiator position and the space in front of it",boundary position only,,,PROVISIONAL 15 mm,"front crash structure: the impact absorbers and the bumper beam sit here (P1, Group 5 p. 5-11); how deep this panel's openings may go waits on the beam's real place",03_PRINT/production/P54_CORNER_GRILLE_L_whole.stl
P55,CORNER_GRILLE_R,R,FRONT,4,+X,direct print,CONDITIONAL,do not quote yet: docs/13 supplier answers only,147.2,303.2,226.0,0.077,1,PROVISIONAL 3.0 — Q30: minimum printed wall for a laminating core,232.3,0.29,PROVISIONAL: 3.0 mm wall x 1.24 g/cm3. Neither is a quote.,UNKNOWN Q37: infill pattern and density for a core that will be laminated,UNKNOWN Q29: print material the shop will accept under its resin,"UNKNOWN Q26: usable build volume, not the catalogue figure",single flat piece,UNKNOWN Q32: maximum unsupported overhang,UNKNOWN Q15: bonding flange width,UNKNOWN Q16: panel gap the shop works to,UNKNOWN Q28: resin exotherm against the print's heat deflection temperature,"crash beam position and its brackets — the STATEV nose sits 57 mm behind the OEM bumper face, bumper and fender mounting points, radiator position and the space in front of it",boundary position only,,,PROVISIONAL 15 mm,"front crash structure: the impact absorbers and the bumper beam sit here (P1, Group 5 p. 5-11); how deep this panel's openings may go waits on the beam's real place",03_PRINT/production/P55_CORNER_GRILLE_R_whole.stl
P56,TAIL_VENT_GRILLE_L,L,REAR,20,-X,direct print,CONDITIONAL,do not quote yet: docs/13 supplier answers only,6.0,64.0,227.0,0.029,1,PROVISIONAL 3.0 — Q30: minimum printed wall for a laminating core,87.4,0.11,PROVISIONAL: 3.0 mm wall x 1.24 g/cm3. Neither is a quote.,UNKNOWN Q37: infill pattern and density for a core that will be laminated,UNKNOWN Q29: print material the shop will accept under its resin,"UNKNOWN Q26: usable build volume, not the catalogue figure",single flat piece,UNKNOWN Q32: maximum unsupported overhang,UNKNOWN Q15: bonding flange width,UNKNOWN Q16: panel gap the shop works to,UNKNOWN Q28: resin exotherm against the print's heat deflection temperature,"rear bumper mounting points and crash structure, exhaust hanger positions",boundary position only,,,PROVISIONAL 15 mm,"rear crash structure: the rear impact absorbers and beam sit here (P20, Group 5 p. 5-13) at a height nobody has measured; this panel's openings reach into that span",03_PRINT/production/P56_TAIL_VENT_GRILLE_L_whole.stl
P57,TAIL_VENT_GRILLE_R,R,REAR,20,-X,direct print,CONDITIONAL,do not quote yet: docs/13 supplier answers only,6.0,64.0,227.0,0.029,1,PROVISIONAL 3.0 — Q30: minimum printed wall for a laminating core,87.4,0.11,PROVISIONAL: 3.0 mm wall x 1.24 g/cm3. Neither is a quote.,UNKNOWN Q37: infill pattern and density for a core that will be laminated,UNKNOWN Q29: print material the shop will accept under its resin,"UNKNOWN Q26: usable build volume, not the catalogue figure",single flat piece,UNKNOWN Q32: maximum unsupported overhang,UNKNOWN Q15: bonding flange width,UNKNOWN Q16: panel gap the shop works to,UNKNOWN Q28: resin exotherm against the print's heat deflection temperature,"rear bumper mounting points and crash structure, exhaust hanger positions",boundary position only,,,PROVISIONAL 15 mm,"rear crash structure: the rear impact absorbers and beam sit here (P20, Group 5 p. 5-13) at a height nobody has measured; this panel's openings reach into that span",03_PRINT/production/P57_TAIL_VENT_GRILLE_R_whole.stl
P58,DIFFUSER_FIN_EDGE_L,L,REAR,23,-Z,direct print,CONDITIONAL,do not quote yet: docs/13 supplier answers only,250.0,16.0,149.4,0.049,1,PROVISIONAL 3.0 — Q30: minimum printed wall for a laminating core,146.2,0.18,PROVISIONAL: 3.0 mm wall x 1.24 g/cm3. Neither is a quote.,UNKNOWN Q37: infill pattern and density for a core that will be laminated,UNKNOWN Q29: print material the shop will accept under its resin,"UNKNOWN Q26: usable build volume, not the catalogue figure",single piece,UNKNOWN Q32: maximum unsupported overhang,UNKNOWN Q15: bonding flange width,UNKNOWN Q16: panel gap the shop works to,UNKNOWN Q28: resin exotherm against the print's heat deflection temperature,"underbody and rear subframe, exhaust routing and silencer position, how low a fin can go before it is the first thing to ground out",boundary position only,,,PROVISIONAL 15 mm,"rear crash structure: the rear impact absorbers and beam sit here (P20, Group 5 p. 5-13) at a height nobody has measured; this panel's openings reach into that span",03_PRINT/production/P58_DIFFUSER_FIN_EDGE_L_whole.stl
P59,DIFFUSER_FIN_EDGE_R,R,REAR,23,-Z,direct print,CONDITIONAL,do not quote yet: docs/13 supplier answers only,250.0,16.0,149.4,0.049,1,PROVISIONAL 3.0 — Q30: minimum printed wall for a laminating core,146.2,0.18,PROVISIONAL: 3.0 mm wall x 1.24 g/cm3. Neither is a quote.,UNKNOWN Q37: infill pattern and density for a core that will be laminated,UNKNOWN Q29: print material the shop will accept under its resin,"UNKNOWN Q26: usable build volume, not the catalogue figure",single piece,UNKNOWN Q32: maximum unsupported overhang,UNKNOWN Q15: bonding flange width,UNKNOWN Q16: panel gap the shop works to,UNKNOWN Q28: resin exotherm against the print's heat deflection temperature,"underbody and rear subframe, exhaust routing and silencer position, how low a fin can go before it is the first thing to ground out",boundary position only,,,PROVISIONAL 15 mm,"rear crash structure: the rear impact absorbers and beam sit here (P20, Group 5 p. 5-13) at a height nobody has measured; this panel's openings reach into that span",03_PRINT/production/P59_DIFFUSER_FIN_EDGE_R_whole.stl
P60,BADGE_REAR,-,REAR,21,-X,direct print,CONDITIONAL,do not quote yet: docs/13 supplier answers only,41.6,283.8,28.6,0.032,1,PROVISIONAL 3.0 — Q30: minimum printed wall for a laminating core,95.3,0.12,PROVISIONAL: 3.0 mm wall x 1.24 g/cm3. Neither is a quote.,UNKNOWN Q37: infill pattern and density for a core that will be laminated,UNKNOWN Q29: print material the shop will accept under its resin,"UNKNOWN Q26: usable build volume, not the catalogue figure",single piece,UNKNOWN Q32: maximum unsupported overhang,UNKNOWN Q15: bonding flange width,UNKNOWN Q16: panel gap the shop works to,UNKNOWN Q28: resin exotherm against the print's heat deflection temperature,"rear bumper mounting points and crash structure, exhaust hanger positions",boundary position only,,,PROVISIONAL 15 mm,"rear crash structure: the rear impact absorbers and beam sit here (P20, Group 5 p. 5-13) at a height nobody has measured; this panel's openings reach into that span",03_PRINT/production/P60_BADGE_REAR_whole.stl
P61,SPLITTER_END_L,L,FRONT,4,+X,direct print,CONDITIONAL,do not quote yet: docs/13 supplier answers only,130.0,10.0,116.0,0.032,1,PROVISIONAL 3.0 — Q30: minimum printed wall for a laminating core,94.8,0.12,PROVISIONAL: 3.0 mm wall x 1.24 g/cm3. Neither is a quote.,UNKNOWN Q37: infill pattern and density for a core that will be laminated,UNKNOWN Q29: print material the shop will accept under its resin,"UNKNOWN Q26: usable build volume, not the catalogue figure",single piece,UNKNOWN Q32: maximum unsupported overhang,UNKNOWN Q15: bonding flange width,UNKNOWN Q16: panel gap the shop works to,UNKNOWN Q28: resin exotherm against the print's heat deflection temperature,"crash beam position and its brackets — the STATEV nose sits 57 mm behind the OEM bumper face, bumper and fender mounting points, radiator position and the space in front of it",boundary position only,,,PROVISIONAL 15 mm,"front crash structure: the impact absorbers and the bumper beam sit here (P1, Group 5 p. 5-11); how deep this panel's openings may go waits on the beam's real place",03_PRINT/production/P61_SPLITTER_END_L_whole.stl
P62,SPLITTER_END_R,R,FRONT,4,+X,direct print,CONDITIONAL,do not quote yet: docs/13 supplier answers only,130.0,10.0,116.0,0.032,1,PROVISIONAL 3.0 — Q30: minimum printed wall for a laminating core,94.8,0.12,PROVISIONAL: 3.0 mm wall x 1.24 g/cm3. Neither is a quote.,UNKNOWN Q37: infill pattern and density for a core that will be laminated,UNKNOWN Q29: print material the shop will accept under its resin,"UNKNOWN Q26: usable build volume, not the catalogue figure",single piece,UNKNOWN Q32: maximum unsupported overhang,UNKNOWN Q15: bonding flange width,UNKNOWN Q16: panel gap the shop works to,UNKNOWN Q28: resin exotherm against the print's heat deflection temperature,"crash beam position and its brackets — the STATEV nose sits 57 mm behind the OEM bumper face, bumper and fender mounting points, radiator position and the space in front of it",boundary position only,,,PROVISIONAL 15 mm,"front crash structure: the impact absorbers and the bumper beam sit here (P1, Group 5 p. 5-11); how deep this panel's openings may go waits on the beam's real place",03_PRINT/production/P62_SPLITTER_END_R_whole.stl
P65,EYE_BEZEL_IN_L,L,LIGHTS,25,+X,"direct print, ASA",CONDITIONAL,do not quote yet: docs/13 supplier answers only,120.9,73.5,68.6,0.018,1,PROVISIONAL 3.0 — Q30: minimum printed wall for a laminating core,55.0,0.07,PROVISIONAL: 3.0 mm wall x 1.24 g/cm3. Neither is a quote.,UNKNOWN Q37: infill pattern and density for a core that will be laminated,UNKNOWN Q29: print material the shop will accept under its resin,"UNKNOWN Q26: usable build volume, not the catalogue figure",single piece,UNKNOWN Q32: maximum unsupported overhang,UNKNOWN Q15: bonding flange width,UNKNOWN Q16: panel gap the shop works to,UNKNOWN Q28: resin exotherm against the print's heat deflection temperature,"the front structure the housing bolts to, beam aim check on the real car",boundary position only,,,PROVISIONAL 15 mm,"front crash structure: the impact absorbers and the bumper beam sit here (P1, Group 5 p. 5-11); how deep this panel's openings may go waits on the beam's real place",03_PRINT/production/P65_EYE_BEZEL_IN_L_whole.stl
P66,EYE_BEZEL_IN_R,R,LIGHTS,25,+X,"direct print, ASA",CONDITIONAL,do not quote yet: docs/13 supplier answers only,123.5,75.5,69.0,0.018,1,PROVISIONAL 3.0 — Q30: minimum printed wall for a laminating core,55.1,0.07,PROVISIONAL: 3.0 mm wall x 1.24 g/cm3. Neither is a quote.,UNKNOWN Q37: infill pattern and density for a core that will be laminated,UNKNOWN Q29: print material the shop will accept under its resin,"UNKNOWN Q26: usable build volume, not the catalogue figure",single piece,UNKNOWN Q32: maximum unsupported overhang,UNKNOWN Q15: bonding flange width,UNKNOWN Q16: panel gap the shop works to,UNKNOWN Q28: resin exotherm against the print's heat deflection temperature,"the front structure the housing bolts to, beam aim check on the real car",boundary position only,,,PROVISIONAL 15 mm,"front crash structure: the impact absorbers and the bumper beam sit here (P1, Group 5 p. 5-11); how deep this panel's openings may go waits on the beam's real place",03_PRINT/production/P66_EYE_BEZEL_IN_R_whole.stl
P09,DOOR_SKIN_L,L,SIDE,9,-Y,printed master -> composite,SCAN REQUIRED,do not quote yet: scan,1195.0,218.0,540.1,0.881,1,PROVISIONAL 3.0 — Q30: minimum printed wall for a laminating core,2643.8,3.28,PROVISIONAL: 3.0 mm wall x 1.24 g/cm3. Neither is a quote.,UNKNOWN Q37: infill pattern and density for a core that will be laminated,UNKNOWN Q29: print material the shop will accept under its resin,"UNKNOWN Q26: usable build volume, not the catalogue figure","splits at the channel, hidden in the void",UNKNOWN Q32: maximum unsupported overhang,UNKNOWN Q15: bonding flange width,UNKNOWN Q16: panel gap the shop works to,UNKNOWN Q28: resin exotherm against the print's heat deflection temperature,"the OEM door's outer surface — the new skin is an overlay and must sit on it, hinge and check-strap positions, glass drop path and seal line",SHAPE,yes,door_front_x;door_rear_x,"PROVISIONAL 15 mm, and measured insufficient where BOUNDED_BY is set: the seam travels 15-30 mm with the estimate",overlay on the OEM door skin; its inner form is that skin,none yet
P10,DOOR_SKIN_R,R,SIDE,9,+Y,printed master -> composite,SCAN REQUIRED,do not quote yet: scan,1195.0,218.0,540.1,0.881,1,PROVISIONAL 3.0 — Q30: minimum printed wall for a laminating core,2643.8,3.28,PROVISIONAL: 3.0 mm wall x 1.24 g/cm3. Neither is a quote.,UNKNOWN Q37: infill pattern and density for a core that will be laminated,UNKNOWN Q29: print material the shop will accept under its resin,"UNKNOWN Q26: usable build volume, not the catalogue figure","splits at the channel, hidden in the void",UNKNOWN Q32: maximum unsupported overhang,UNKNOWN Q15: bonding flange width,UNKNOWN Q16: panel gap the shop works to,UNKNOWN Q28: resin exotherm against the print's heat deflection temperature,"the OEM door's outer surface — the new skin is an overlay and must sit on it, hinge and check-strap positions, glass drop path and seal line",SHAPE,yes,door_front_x;door_rear_x,"PROVISIONAL 15 mm, and measured insufficient where BOUNDED_BY is set: the seam travels 15-30 mm with the estimate",overlay on the OEM door skin; its inner form is that skin,none yet
P11,SIDE_INTAKE_L,L,SIDE,11,-Y,printed master -> composite,SCAN REQUIRED,do not quote yet: scan,366.1,56.3,370.0,0.043,1,PROVISIONAL 3.0 — Q30: minimum printed wall for a laminating core,128.5,0.16,PROVISIONAL: 3.0 mm wall x 1.24 g/cm3. Neither is a quote.,UNKNOWN Q37: infill pattern and density for a core that will be laminated,UNKNOWN Q29: print material the shop will accept under its resin,"UNKNOWN Q26: usable build volume, not the catalogue figure",split at the mouth's own lip,UNKNOWN Q32: maximum unsupported overhang,UNKNOWN Q15: bonding flange width,UNKNOWN Q16: panel gap the shop works to,UNKNOWN Q28: resin exotherm against the print's heat deflection temperature,"the real opening's shape, not just its X, duct route from the opening to the plenum, what is behind the opening on this particular car",SHAPE,no,,PROVISIONAL 15 mm,"frames the real intake opening, whose shape nobody has measured",none yet
P12,SIDE_INTAKE_R,R,SIDE,11,+Y,printed master -> composite,SCAN REQUIRED,do not quote yet: scan,366.1,56.3,370.0,0.043,1,PROVISIONAL 3.0 — Q30: minimum printed wall for a laminating core,128.5,0.16,PROVISIONAL: 3.0 mm wall x 1.24 g/cm3. Neither is a quote.,UNKNOWN Q37: infill pattern and density for a core that will be laminated,UNKNOWN Q29: print material the shop will accept under its resin,"UNKNOWN Q26: usable build volume, not the catalogue figure",split at the mouth's own lip,UNKNOWN Q32: maximum unsupported overhang,UNKNOWN Q15: bonding flange width,UNKNOWN Q16: panel gap the shop works to,UNKNOWN Q28: resin exotherm against the print's heat deflection temperature,"the real opening's shape, not just its X, duct route from the opening to the plenum, what is behind the opening on this particular car",SHAPE,no,,PROVISIONAL 15 mm,"frames the real intake opening, whose shape nobody has measured",none yet
P15,REAR_HAUNCH_L,L,REAR,14,-Y,printed master -> composite,SCAN REQUIRED,do not quote yet: scan,1365.0,328.5,570.0,0.547,1,PROVISIONAL 3.0 — Q30: minimum printed wall for a laminating core,1639.5,2.03,PROVISIONAL: 3.0 mm wall x 1.24 g/cm3. Neither is a quote.,UNKNOWN Q37: infill pattern and density for a core that will be laminated,UNKNOWN Q29: print material the shop will accept under its resin,"UNKNOWN Q26: usable build volume, not the catalogue figure",splits at the arch crown and the shut line,UNKNOWN Q32: maximum unsupported overhang,UNKNOWN Q15: bonding flange width,UNKNOWN Q16: panel gap the shop works to,UNKNOWN Q28: resin exotherm against the print's heat deflection temperature,"the welded quarter's outer surface — the overlay bonds to it, where the bodyshop can cut a 30–40 mm flange without touching structure, wheelhouse and full suspension travel",SHAPE,yes,door_rear_x,"PROVISIONAL 15 mm, and measured insufficient where BOUNDED_BY is set: the seam travels 15-30 mm with the estimate",overlay bonded to the welded quarter; its inner form is that quarter,none yet
P16,REAR_HAUNCH_R,R,REAR,14,+Y,printed master -> composite,SCAN REQUIRED,do not quote yet: scan,1365.0,328.5,570.0,0.547,1,PROVISIONAL 3.0 — Q30: minimum printed wall for a laminating core,1639.5,2.03,PROVISIONAL: 3.0 mm wall x 1.24 g/cm3. Neither is a quote.,UNKNOWN Q37: infill pattern and density for a core that will be laminated,UNKNOWN Q29: print material the shop will accept under its resin,"UNKNOWN Q26: usable build volume, not the catalogue figure",splits at the arch crown and the shut line,UNKNOWN Q32: maximum unsupported overhang,UNKNOWN Q15: bonding flange width,UNKNOWN Q16: panel gap the shop works to,UNKNOWN Q28: resin exotherm against the print's heat deflection temperature,"the welded quarter's outer surface — the overlay bonds to it, where the bodyshop can cut a 30–40 mm flange without touching structure, wheelhouse and full suspension travel",SHAPE,yes,door_rear_x,"PROVISIONAL 15 mm, and measured insufficient where BOUNDED_BY is set: the seam travels 15-30 mm with the estimate",overlay bonded to the welded quarter; its inner form is that quarter,none yet
P19,REAR_DECK_L,L,REAR,16,-Z,printed master -> composite,SCAN REQUIRED,do not quote yet: scan,1240.0,812.5,138.0,0.418,1,PROVISIONAL 3.0 — Q30: minimum printed wall for a laminating core,1255.4,1.56,PROVISIONAL: 3.0 mm wall x 1.24 g/cm3. Neither is a quote.,UNKNOWN Q37: infill pattern and density for a core that will be laminated,UNKNOWN Q29: print material the shop will accept under its resin,"UNKNOWN Q26: usable build volume, not the catalogue figure",no centreline split needed: the engine cover already ends it inboard,UNKNOWN Q32: maximum unsupported overhang,UNKNOWN Q15: bonding flange width,UNKNOWN Q16: panel gap the shop works to,UNKNOWN Q28: resin exotherm against the print's heat deflection temperature,"THE ROOF FOLD ENVELOPE in all four positions — closed, half, open, clamshell raised, whether the deck must move with the clamshell or the roof stows beneath it, engine lid aperture",SHAPE,no,,PROVISIONAL 15 mm,"roof fold envelope, which exists nowhere as data",none yet
P20,ENGINE_COVER,-,REAR,17,-Z,printed master -> composite,SCAN REQUIRED,do not quote yet: scan,1000.0,1120.0,143.4,0.608,1,PROVISIONAL 3.0 — Q30: minimum printed wall for a laminating core,1822.9,2.26,PROVISIONAL: 3.0 mm wall x 1.24 g/cm3. Neither is a quote.,UNKNOWN Q37: infill pattern and density for a core that will be laminated,UNKNOWN Q29: print material the shop will accept under its resin,"UNKNOWN Q26: usable build volume, not the catalogue figure","splits across, between louvre banks",UNKNOWN Q32: maximum unsupported overhang,UNKNOWN Q15: bonding flange width,UNKNOWN Q16: panel gap the shop works to,UNKNOWN Q28: resin exotherm against the print's heat deflection temperature,"engine lid aperture and hinge, engine bay top surface — how low the louvred panel can sit, heat map: where the hot air actually needs to leave",SHAPE,no,,PROVISIONAL 15 mm,"roof fold envelope, which exists nowhere as data",none yet
P31,INTAKE_DUCT_L,L,SIDE,12,-Y,direct print,SCAN REQUIRED,do not quote yet: scan,310.0,688.8,270.0,0.506,1,PROVISIONAL 3.0 — Q30: minimum printed wall for a laminating core,1517.1,1.88,PROVISIONAL: 3.0 mm wall x 1.24 g/cm3. Neither is a quote.,UNKNOWN Q37: infill pattern and density for a core that will be laminated,UNKNOWN Q29: print material the shop will accept under its resin,"UNKNOWN Q26: usable build volume, not the catalogue figure",single piece,UNKNOWN Q32: maximum unsupported overhang,UNKNOWN Q15: bonding flange width,UNKNOWN Q16: panel gap the shop works to,UNKNOWN Q28: resin exotherm against the print's heat deflection temperature,"the real opening's shape, not just its X, duct route from the opening to the plenum, what is behind the opening on this particular car",SHAPE,,,PROVISIONAL 15 mm,sits inside that same unmeasured opening,03_PRINT/production/P31_INTAKE_DUCT_L_whole.stl
P32,INTAKE_DUCT_R,R,SIDE,12,+Y,direct print,SCAN REQUIRED,do not quote yet: scan,310.0,688.8,270.0,0.505,1,PROVISIONAL 3.0 — Q30: minimum printed wall for a laminating core,1516.3,1.88,PROVISIONAL: 3.0 mm wall x 1.24 g/cm3. Neither is a quote.,UNKNOWN Q37: infill pattern and density for a core that will be laminated,UNKNOWN Q29: print material the shop will accept under its resin,"UNKNOWN Q26: usable build volume, not the catalogue figure",single piece,UNKNOWN Q32: maximum unsupported overhang,UNKNOWN Q15: bonding flange width,UNKNOWN Q16: panel gap the shop works to,UNKNOWN Q28: resin exotherm against the print's heat deflection temperature,"the real opening's shape, not just its X, duct route from the opening to the plenum, what is behind the opening on this particular car",SHAPE,,,PROVISIONAL 15 mm,sits inside that same unmeasured opening,03_PRINT/production/P32_INTAKE_DUCT_R_whole.stl
P33,ENGINE_COVER_LOUVRES,-,REAR,18,-Z,direct print,SCAN REQUIRED,do not quote yet: scan,672.0,762.0,153.4,1.412,1,PROVISIONAL 3.0 — Q30: minimum printed wall for a laminating core,4235.1,5.25,PROVISIONAL: 3.0 mm wall x 1.24 g/cm3. Neither is a quote.,UNKNOWN Q37: infill pattern and density for a core that will be laminated,UNKNOWN Q29: print material the shop will accept under its resin,"UNKNOWN Q26: usable build volume, not the catalogue figure","prints flat, one piece per bank",UNKNOWN Q32: maximum unsupported overhang,UNKNOWN Q15: bonding flange width,UNKNOWN Q16: panel gap the shop works to,UNKNOWN Q28: resin exotherm against the print's heat deflection temperature,"engine lid aperture and hinge, engine bay top surface — how low the louvred panel can sit, heat map: where the hot air actually needs to leave",SHAPE,,,PROVISIONAL 15 mm,"roof fold envelope, which exists nowhere as data",none yet
P37,MIRROR_CAP_L,L,SIDE,10,-Y,"direct print, ASA",SCAN REQUIRED,do not quote yet: scan,170.0,150.0,167.4,0.089,1,PROVISIONAL 3.0 — Q30: minimum printed wall for a laminating core,267.2,0.33,PROVISIONAL: 3.0 mm wall x 1.24 g/cm3. Neither is a quote.,UNKNOWN Q37: infill pattern and density for a core that will be laminated,UNKNOWN Q29: print material the shop will accept under its resin,"UNKNOWN Q26: usable build volume, not the catalogue figure",single piece,UNKNOWN Q32: maximum unsupported overhang,UNKNOWN Q15: bonding flange width,UNKNOWN Q16: panel gap the shop works to,UNKNOWN Q28: resin exotherm against the print's heat deflection temperature,"the OEM door's outer surface — the new skin is an overlay and must sit on it, hinge and check-strap positions, glass drop path and seal line",SHAPE,,,PROVISIONAL 15 mm,"cap over a bought mirror not yet chosen; its inner form is that mirror, its mount the door",none yet
P38,MIRROR_CAP_R,R,SIDE,10,+Y,"direct print, ASA",SCAN REQUIRED,do not quote yet: scan,170.0,150.0,167.6,0.089,1,PROVISIONAL 3.0 — Q30: minimum printed wall for a laminating core,267.2,0.33,PROVISIONAL: 3.0 mm wall x 1.24 g/cm3. Neither is a quote.,UNKNOWN Q37: infill pattern and density for a core that will be laminated,UNKNOWN Q29: print material the shop will accept under its resin,"UNKNOWN Q26: usable build volume, not the catalogue figure",single piece,UNKNOWN Q32: maximum unsupported overhang,UNKNOWN Q15: bonding flange width,UNKNOWN Q16: panel gap the shop works to,UNKNOWN Q28: resin exotherm against the print's heat deflection temperature,"the OEM door's outer surface — the new skin is an overlay and must sit on it, hinge and check-strap positions, glass drop path and seal line",SHAPE,,,PROVISIONAL 15 mm,"cap over a bought mirror not yet chosen; its inner form is that mirror, its mount the door",none yet
P42,REAR_DECK_R,R,REAR,16,-Z,printed master -> composite,SCAN REQUIRED,do not quote yet: scan,1240.0,812.5,138.0,0.418,1,PROVISIONAL 3.0 — Q30: minimum printed wall for a laminating core,1255.4,1.56,PROVISIONAL: 3.0 mm wall x 1.24 g/cm3. Neither is a quote.,UNKNOWN Q37: infill pattern and density for a core that will be laminated,UNKNOWN Q29: print material the shop will accept under its resin,"UNKNOWN Q26: usable build volume, not the catalogue figure",no centreline split needed: the engine cover already ends it inboard,UNKNOWN Q32: maximum unsupported overhang,UNKNOWN Q15: bonding flange width,UNKNOWN Q16: panel gap the shop works to,UNKNOWN Q28: resin exotherm against the print's heat deflection temperature,"THE ROOF FOLD ENVELOPE in all four positions — closed, half, open, clamshell raised, whether the deck must move with the clamshell or the roof stows beneath it, engine lid aperture",SHAPE,no,,PROVISIONAL 15 mm,"roof fold envelope, which exists nowhere as data",none yet
P63,SEAT_HUMP_L,L,REAR,16,-Z,printed master -> composite,SCAN REQUIRED,do not quote yet: scan,413.0,448.0,288.5,0.968,1,PROVISIONAL 3.0 — Q30: minimum printed wall for a laminating core,2904.1,3.6,PROVISIONAL: 3.0 mm wall x 1.24 g/cm3. Neither is a quote.,UNKNOWN Q37: infill pattern and density for a core that will be laminated,UNKNOWN Q29: print material the shop will accept under its resin,"UNKNOWN Q26: usable build volume, not the catalogue figure",single piece,UNKNOWN Q32: maximum unsupported overhang,UNKNOWN Q15: bonding flange width,UNKNOWN Q16: panel gap the shop works to,UNKNOWN Q28: resin exotherm against the print's heat deflection temperature,"THE ROOF FOLD ENVELOPE in all four positions — closed, half, open, clamshell raised, whether the deck must move with the clamshell or the roof stows beneath it, engine lid aperture",SHAPE,,,PROVISIONAL 15 mm,"roof fold envelope, which exists nowhere as data",none yet
P64,SEAT_HUMP_R,R,REAR,16,-Z,printed master -> composite,SCAN REQUIRED,do not quote yet: scan,413.0,448.0,288.3,0.968,1,PROVISIONAL 3.0 — Q30: minimum printed wall for a laminating core,2903.3,3.6,PROVISIONAL: 3.0 mm wall x 1.24 g/cm3. Neither is a quote.,UNKNOWN Q37: infill pattern and density for a core that will be laminated,UNKNOWN Q29: print material the shop will accept under its resin,"UNKNOWN Q26: usable build volume, not the catalogue figure",single piece,UNKNOWN Q32: maximum unsupported overhang,UNKNOWN Q15: bonding flange width,UNKNOWN Q16: panel gap the shop works to,UNKNOWN Q28: resin exotherm against the print's heat deflection temperature,"THE ROOF FOLD ENVELOPE in all four positions — closed, half, open, clamshell raised, whether the deck must move with the clamshell or the roof stows beneath it, engine lid aperture",SHAPE,,,PROVISIONAL 15 mm,"roof fold envelope, which exists nowhere as data",none yet
